DROP DATABASE IF EXISTS vk;
CREATE DATABASE vk;
USE vk;


#
# TABLE STRUCTURE FOR: users
#

DROP TABLE IF EXISTS `users`;

CREATE TABLE `users` (
  `id` bigint(20) unsigned NOT NULL AUTO_INCREMENT,
  `firstname` varchar(50) COLLATE utf8mb4_unicode_ci DEFAULT NULL,
  `lastname` varchar(50) COLLATE utf8mb4_unicode_ci DEFAULT NULL COMMENT 'Фамилия',
  `email` varchar(120) COLLATE utf8mb4_unicode_ci DEFAULT NULL,
  `password_hash` varchar(100) COLLATE utf8mb4_unicode_ci DEFAULT NULL,
  `phone` bigint(20) unsigned DEFAULT NULL,
  PRIMARY KEY (`id`),
  UNIQUE KEY `email` (`email`),
  UNIQUE KEY `phone` (`phone`),
  KEY `users_firstname_lastname_idx` (`firstname`,`lastname`)
) ENGINE=InnoDB AUTO_INCREMENT=601 DEFAULT CHARSET=utf8mb4 COLLATE=utf8mb4_unicode_ci COMMENT='юзеры';

INSERT INTO `users` (`id`, `firstname`, `lastname`, `email`, `password_hash`, `phone`) VALUES ('301', 'Brandt', 'Franecki', 'giovanny50@example.com', '2f974f386976aac41b2dc0b4a49636632fc29bca', '1');
INSERT INTO `users` (`id`, `firstname`, `lastname`, `email`, `password_hash`, `phone`) VALUES ('302', 'Rubie', 'Predovic', 'zbauch@example.net', '00746d7233da6b7361f505170dded3e295803193', '2107180491');
INSERT INTO `users` (`id`, `firstname`, `lastname`, `email`, `password_hash`, `phone`) VALUES ('303', 'Anna', 'Padberg', 'erunolfsson@example.com', '6bffe6e750ef19c86480faffbf51110e209f5950', '779709');
INSERT INTO `users` (`id`, `firstname`, `lastname`, `email`, `password_hash`, `phone`) VALUES ('304', 'Tiara', 'Hackett', 'doyle.larson@example.net', 'f2b67b390eb4dfd180f241468d25a2555aabe004', '0');
INSERT INTO `users` (`id`, `firstname`, `lastname`, `email`, `password_hash`, `phone`) VALUES ('305', 'Delia', 'Kuhic', 'weissnat.dahlia@example.net', 'eeb7f0844169ef6349dae5819481d74379254fdc', '987815');
INSERT INTO `users` (`id`, `firstname`, `lastname`, `email`, `password_hash`, `phone`) VALUES ('308', 'Stephanie', 'Reichert', 'dullrich@example.com', '5d04347ad76a801f2aeaac9e69ee300dda78d8b7', '9895036423');
INSERT INTO `users` (`id`, `firstname`, `lastname`, `email`, `password_hash`, `phone`) VALUES ('310', 'Emanuel', 'Morissette', 'huel.norberto@example.org', 'f49d119a15ae195c7e7e12e795643c9172954687', '32');
INSERT INTO `users` (`id`, `firstname`, `lastname`, `email`, `password_hash`, `phone`) VALUES ('311', 'Freddie', 'Olson', 'xpfannerstill@example.com', '2f2c7be9e0e5ef72715086460faa08be08264736', '963704');
INSERT INTO `users` (`id`, `firstname`, `lastname`, `email`, `password_hash`, `phone`) VALUES ('312', 'Kadin', 'Fadel', 'mayert.jaylan@example.org', '531fc88e12bd4a2e0a6c12bd3d524cf4df988e8c', '62827');
INSERT INTO `users` (`id`, `firstname`, `lastname`, `email`, `password_hash`, `phone`) VALUES ('313', 'Tina', 'McClure', 'madalyn13@example.com', '91538f24d3b918310f8bf9cc00c09a77ed0f2602', '534445');
INSERT INTO `users` (`id`, `firstname`, `lastname`, `email`, `password_hash`, `phone`) VALUES ('315', 'Susana', 'Fadel', 'zhaley@example.org', '4e38b52b47950938bfc87656679827d99c4a075b', '21437009');
INSERT INTO `users` (`id`, `firstname`, `lastname`, `email`, `password_hash`, `phone`) VALUES ('316', 'Eldred', 'Senger', 'fleannon@example.org', '6e9ff025e12d8fb133bfa099c85ef3e301433d01', '642528');
INSERT INTO `users` (`id`, `firstname`, `lastname`, `email`, `password_hash`, `phone`) VALUES ('320', 'Heaven', 'Jacobs', 'pagac.moses@example.org', 'bef2dbe2bd9bad0fe229c42f3af2dbcecc30d689', '532');
INSERT INTO `users` (`id`, `firstname`, `lastname`, `email`, `password_hash`, `phone`) VALUES ('321', 'Freeman', 'McKenzie', 'gwatsica@example.com', '2e376c8e0e2a05900a3318d37841c26ea4d46cc0', '3');
INSERT INTO `users` (`id`, `firstname`, `lastname`, `email`, `password_hash`, `phone`) VALUES ('323', 'Emanuel', 'Paucek', 'idicki@example.net', '175b6d9c24cc62fd2a458084d54f41c458521b74', '2074522598');
INSERT INTO `users` (`id`, `firstname`, `lastname`, `email`, `password_hash`, `phone`) VALUES ('324', 'Lia', 'Farrell', 'dawson.funk@example.org', '7faa0f411d77d41d36cf1f35164ed9b936c5b605', '6397431830');
INSERT INTO `users` (`id`, `firstname`, `lastname`, `email`, `password_hash`, `phone`) VALUES ('325', 'Barrett', 'Wisoky', 'champlin.kellie@example.com', '9fe1f7a5fc768ffa51b8c9b5b21d412ef9731cdb', '566');
INSERT INTO `users` (`id`, `firstname`, `lastname`, `email`, `password_hash`, `phone`) VALUES ('326', 'Kristopher', 'Marks', 'rterry@example.com', 'c312318512386d17872ebf5750ad78f05ff65047', '789');
INSERT INTO `users` (`id`, `firstname`, `lastname`, `email`, `password_hash`, `phone`) VALUES ('328', 'Theresia', 'Bogan', 'rweber@example.com', 'e2f55bb1bba325d1a36d178bb211ee49e0818d76', '4');
INSERT INTO `users` (`id`, `firstname`, `lastname`, `email`, `password_hash`, `phone`) VALUES ('329', 'Elenora', 'Heaney', 'tdurgan@example.org', '1b902f6b3b79323fb1ee7d9ee312746428920e8e', '180717');
INSERT INTO `users` (`id`, `firstname`, `lastname`, `email`, `password_hash`, `phone`) VALUES ('333', 'Paris', 'Heller', 'schmidt.martina@example.org', '5c3b48602140538a2bc5beb1366396bbeb6c76d0', '4267093080');
INSERT INTO `users` (`id`, `firstname`, `lastname`, `email`, `password_hash`, `phone`) VALUES ('334', 'Clifford', 'Lehner', 'darrion30@example.com', '3ba81d02e2ee0fa38999ff74370838dc88930a2d', '690656');
INSERT INTO `users` (`id`, `firstname`, `lastname`, `email`, `password_hash`, `phone`) VALUES ('335', 'Alisa', 'Herman', 'caden.hamill@example.com', '0cd63cafd48914e3ac5e35c3ec10e1abd1dea55c', '633094');
INSERT INTO `users` (`id`, `firstname`, `lastname`, `email`, `password_hash`, `phone`) VALUES ('337', 'Demarco', 'Balistreri', 'purdy.jaquelin@example.net', '158a8c2544e8cd596750b63794ca970d32c348b1', '6423592457');
INSERT INTO `users` (`id`, `firstname`, `lastname`, `email`, `password_hash`, `phone`) VALUES ('338', 'Rickey', 'Ritchie', 'jast.ola@example.net', 'e6ee8a9cb5421913cf7597f4a1be8dc1bbbd4cc7', '904');
INSERT INTO `users` (`id`, `firstname`, `lastname`, `email`, `password_hash`, `phone`) VALUES ('340', 'Chaya', 'Konopelski', 'zbecker@example.net', '1b442bb5e85626cb23209fe0d53f2e9cf7651c12', '413518');
INSERT INTO `users` (`id`, `firstname`, `lastname`, `email`, `password_hash`, `phone`) VALUES ('341', 'Leopold', 'Bailey', 'keanu.frami@example.net', '4be0ef9a5211a541e74c6a0cb8d20396fb0832ad', '203114');
INSERT INTO `users` (`id`, `firstname`, `lastname`, `email`, `password_hash`, `phone`) VALUES ('344', 'Misael', 'Keeling', 'gulgowski.theresia@example.net', '4b6d9bdbf3341fd26fab2b0dc82a0b49c60d9ae1', '412');
INSERT INTO `users` (`id`, `firstname`, `lastname`, `email`, `password_hash`, `phone`) VALUES ('345', 'Johanna', 'Hegmann', 'nayeli44@example.com', '742371961804acacbe243a5331f96dfc3fc4b068', '687158');
INSERT INTO `users` (`id`, `firstname`, `lastname`, `email`, `password_hash`, `phone`) VALUES ('349', 'Henriette', 'Oberbrunner', 'claud55@example.com', '5722dc4840bec1977d1cd2a7c9d0d8e02d1ac48d', '298');
INSERT INTO `users` (`id`, `firstname`, `lastname`, `email`, `password_hash`, `phone`) VALUES ('350', 'Loraine', 'Schumm', 'paige53@example.org', '1dde5f7392f72d4cca0c47c8d06aaaae4c46f4ed', '119');
INSERT INTO `users` (`id`, `firstname`, `lastname`, `email`, `password_hash`, `phone`) VALUES ('351', 'Emile', 'Ruecker', 'eve.armstrong@example.org', 'f93966232400b835289c35ba17e9f30115751d00', '492044');
INSERT INTO `users` (`id`, `firstname`, `lastname`, `email`, `password_hash`, `phone`) VALUES ('352', 'Ramon', 'Mayert', 'urban84@example.net', 'a1fcfd919832797a1c25b31993027e465ce69293', '314');
INSERT INTO `users` (`id`, `firstname`, `lastname`, `email`, `password_hash`, `phone`) VALUES ('355', 'Deshaun', 'O\'Connell', 'nia.doyle@example.com', '662b473cc66d1af4f0e69724e14e61086a5a1dbe', '995428');
INSERT INTO `users` (`id`, `firstname`, `lastname`, `email`, `password_hash`, `phone`) VALUES ('356', 'Daphnee', 'Hartmann', 'jnienow@example.net', '5857c65ed81cc2ee2b55ab2de09e27f618a9ace4', '606');
INSERT INTO `users` (`id`, `firstname`, `lastname`, `email`, `password_hash`, `phone`) VALUES ('358', 'Jovanny', 'Okuneva', 'jamel.moore@example.net', '4902b61da7568a282f1b7996eb787a3b1da580e4', '2436331330');
INSERT INTO `users` (`id`, `firstname`, `lastname`, `email`, `password_hash`, `phone`) VALUES ('360', 'Adelia', 'Gusikowski', 'funk.desmond@example.net', 'c6575d9e6b1294ec217f4e3ea23f87e7a6d70ee6', '770');
INSERT INTO `users` (`id`, `firstname`, `lastname`, `email`, `password_hash`, `phone`) VALUES ('361', 'Turner', 'Zieme', 'dlesch@example.org', '87623472cf3f71f1c27ba4d02a895bace3f7c4c9', '7182426733');
INSERT INTO `users` (`id`, `firstname`, `lastname`, `email`, `password_hash`, `phone`) VALUES ('362', 'Carolanne', 'Kuhn', 'weissnat.jeffrey@example.net', 'b2616bf308fd6a2be24cfe6fe4225a5291b2b9ee', '6574195767');
INSERT INTO `users` (`id`, `firstname`, `lastname`, `email`, `password_hash`, `phone`) VALUES ('364', 'Alivia', 'Stracke', 'champlin.dayana@example.org', '17ed55c36203104f9a07979bc724d93a1fefdaed', '223679');
INSERT INTO `users` (`id`, `firstname`, `lastname`, `email`, `password_hash`, `phone`) VALUES ('365', 'Vernice', 'Connelly', 'jameson.windler@example.com', '432cb77a86340f27d1a85ba6f811ed909387d27b', '585');
INSERT INTO `users` (`id`, `firstname`, `lastname`, `email`, `password_hash`, `phone`) VALUES ('368', 'Bridget', 'Marvin', 'shanny.beer@example.com', 'ae5ba01a4e3626579c28cb5dd647b53b528f46aa', '303387');
INSERT INTO `users` (`id`, `firstname`, `lastname`, `email`, `password_hash`, `phone`) VALUES ('370', 'Ansel', 'Torp', 'marquardt.sydnie@example.org', 'bea52b51f375e3c3e6579953446e6c42a96ce518', '483135');
INSERT INTO `users` (`id`, `firstname`, `lastname`, `email`, `password_hash`, `phone`) VALUES ('372', 'Sherwood', 'Tremblay', 'lyda19@example.org', '75ba2a0f95740f6159fad56274829e2d7354741a', '73');
INSERT INTO `users` (`id`, `firstname`, `lastname`, `email`, `password_hash`, `phone`) VALUES ('374', 'Mertie', 'Tillman', 'mohr.drew@example.net', '404bda598a2ce9244697c2b13b2ebddd8c46f062', '657');
INSERT INTO `users` (`id`, `firstname`, `lastname`, `email`, `password_hash`, `phone`) VALUES ('377', 'Johnny', 'Yost', 'o\'conner.georgiana@example.net', 'b1631045c6c3244b7e9d35b553115cd5c5f06900', '71');
INSERT INTO `users` (`id`, `firstname`, `lastname`, `email`, `password_hash`, `phone`) VALUES ('378', 'Neal', 'Mayer', 'marlene98@example.net', '25ee1e6fa21578195f13e33a74cf5b03ccb0e160', '7225973969');
INSERT INTO `users` (`id`, `firstname`, `lastname`, `email`, `password_hash`, `phone`) VALUES ('380', 'Jordon', 'Luettgen', 'keven.d\'amore@example.com', 'e61abeb9f5b74fb778aeef27309287233bde303d', '6');
INSERT INTO `users` (`id`, `firstname`, `lastname`, `email`, `password_hash`, `phone`) VALUES ('383', 'Gennaro', 'Kuhn', 'juston02@example.net', 'e8a0e46b0fa3e2c28a9a47b9e879867cc8e95aca', '632225');
INSERT INTO `users` (`id`, `firstname`, `lastname`, `email`, `password_hash`, `phone`) VALUES ('386', 'Carolyn', 'Kemmer', 'mitchell.wilfrid@example.com', 'f53f51699c7f2252fcb1392d26a74dbe5b79bffa', '692960');
INSERT INTO `users` (`id`, `firstname`, `lastname`, `email`, `password_hash`, `phone`) VALUES ('387', 'Jo', 'Grimes', 'adams.candida@example.org', 'f6a068068c714be5ad9b4ce0786b0858785efecb', '420352');
INSERT INTO `users` (`id`, `firstname`, `lastname`, `email`, `password_hash`, `phone`) VALUES ('391', 'Arlo', 'McGlynn', 'schmeler.velma@example.net', '19595cbb53124031140d21737233d6c5700bc4c7', '5486953812');
INSERT INTO `users` (`id`, `firstname`, `lastname`, `email`, `password_hash`, `phone`) VALUES ('392', 'Georgette', 'Zboncak', 'harley.russel@example.net', '6f7e8e83c16adf30cf34857b235d80015758ecec', '231712922');
INSERT INTO `users` (`id`, `firstname`, `lastname`, `email`, `password_hash`, `phone`) VALUES ('393', 'Euna', 'Monahan', 'dlarson@example.com', '4df125962cda47350d9fe4a7d55d5049228d3f2a', '757784');
INSERT INTO `users` (`id`, `firstname`, `lastname`, `email`, `password_hash`, `phone`) VALUES ('394', 'Ronaldo', 'Heaney', 'umoore@example.net', '75a7d26ce610e2d54c5d988b81d0966b6bd1ff42', '40');
INSERT INTO `users` (`id`, `firstname`, `lastname`, `email`, `password_hash`, `phone`) VALUES ('395', 'Dylan', 'Bailey', 'tschinner@example.net', 'a0e9e03606eb9c3cc1b73783f18d0e926f0cc48f', '639');
INSERT INTO `users` (`id`, `firstname`, `lastname`, `email`, `password_hash`, `phone`) VALUES ('396', 'Agustin', 'Prosacco', 'rvonrueden@example.org', '1197081ba879cf408b818fad6d68d7f284e219d1', '241161');
INSERT INTO `users` (`id`, `firstname`, `lastname`, `email`, `password_hash`, `phone`) VALUES ('400', 'Magnolia', 'Wilkinson', 'don.murray@example.org', '5dd822bb77db0ba478c046355a196378351b3308', '149');
INSERT INTO `users` (`id`, `firstname`, `lastname`, `email`, `password_hash`, `phone`) VALUES ('401', 'Roberta', 'Beier', 'torp.betty@example.net', '75b274abcaf7d66cb75d9e67e147c6030e27578b', '951');
INSERT INTO `users` (`id`, `firstname`, `lastname`, `email`, `password_hash`, `phone`) VALUES ('402', 'Hobart', 'Hoeger', 'durgan.giles@example.org', '85a30a3012e4a2466ada383e3cf7550f1160d2ad', '351');
INSERT INTO `users` (`id`, `firstname`, `lastname`, `email`, `password_hash`, `phone`) VALUES ('403', 'Danial', 'Metz', 'econnelly@example.net', 'df6a78126f27a3e15bd384821b7e32650b60e111', '30122');
INSERT INTO `users` (`id`, `firstname`, `lastname`, `email`, `password_hash`, `phone`) VALUES ('405', 'Scot', 'Leuschke', 'dereck17@example.net', '614f4af181a6c9e042bd58781b956ab6039cb271', '4845160099');
INSERT INTO `users` (`id`, `firstname`, `lastname`, `email`, `password_hash`, `phone`) VALUES ('407', 'Lorine', 'Rogahn', 'sheldon.collier@example.org', '94c8931030d56d0e07d6318165ddd9d341fbca80', '977');
INSERT INTO `users` (`id`, `firstname`, `lastname`, `email`, `password_hash`, `phone`) VALUES ('409', 'Ludie', 'Adams', 'gruecker@example.com', 'a62b61d96df95d97dd930f945bc73440b3aab824', '52');
INSERT INTO `users` (`id`, `firstname`, `lastname`, `email`, `password_hash`, `phone`) VALUES ('410', 'Elissa', 'Gutkowski', 'camille.keebler@example.com', '33d115f139c714db2e810f083d0beadefa1a09ee', '61');
INSERT INTO `users` (`id`, `firstname`, `lastname`, `email`, `password_hash`, `phone`) VALUES ('412', 'Patricia', 'Rosenbaum', 'rreynolds@example.net', '76451b534e7a405e97d7051b5e3874cc47f534b9', '850');
INSERT INTO `users` (`id`, `firstname`, `lastname`, `email`, `password_hash`, `phone`) VALUES ('413', 'Dandre', 'Hickle', 'mmacejkovic@example.org', '8e89f52a8dc785070e66ce6517b42c355305866d', '411');
INSERT INTO `users` (`id`, `firstname`, `lastname`, `email`, `password_hash`, `phone`) VALUES ('414', 'Xander', 'Lehner', 'sterling68@example.org', 'ecd3d2af2f8b0cb3a2957d84805fe56f19eb6349', '88');
INSERT INTO `users` (`id`, `firstname`, `lastname`, `email`, `password_hash`, `phone`) VALUES ('418', 'Kiara', 'Jenkins', 'ashton73@example.org', 'd5064522b3ea6eb60747e67c1757f0f3aaf08efe', '355');
INSERT INTO `users` (`id`, `firstname`, `lastname`, `email`, `password_hash`, `phone`) VALUES ('420', 'Kaya', 'Yundt', 'pconn@example.net', 'c8362ade6ca5bfc910f1fada48c143734388f941', '622348');
INSERT INTO `users` (`id`, `firstname`, `lastname`, `email`, `password_hash`, `phone`) VALUES ('421', 'Laisha', 'Jerde', 'sauer.agustina@example.net', '9e5187a17e5d9d627bcede186a00128611e862ce', '45');
INSERT INTO `users` (`id`, `firstname`, `lastname`, `email`, `password_hash`, `phone`) VALUES ('422', 'Carli', 'Osinski', 'kbahringer@example.com', '31d1de72bcf98dcb8ac4ca5ec2bd1c92b5123c11', '775260114');
INSERT INTO `users` (`id`, `firstname`, `lastname`, `email`, `password_hash`, `phone`) VALUES ('423', 'Angelo', 'Maggio', 'wolff.gina@example.org', '4381f7dad503c105051266d4ac4a80aae99fc895', '10');
INSERT INTO `users` (`id`, `firstname`, `lastname`, `email`, `password_hash`, `phone`) VALUES ('425', 'Ellis', 'Lowe', 'russel.wilmer@example.net', 'fd13e1ada29d7f60dfd7732b647f847f3566f2e0', '435013');
INSERT INTO `users` (`id`, `firstname`, `lastname`, `email`, `password_hash`, `phone`) VALUES ('426', 'Alexandrea', 'Swaniawski', 'zieme.myrna@example.com', '34edc785f162fa87b2fa1d1a31b152d17c4153e2', '226');
INSERT INTO `users` (`id`, `firstname`, `lastname`, `email`, `password_hash`, `phone`) VALUES ('430', 'Calista', 'Kling', 'kutch.jacey@example.org', 'd2235290a9147e7f9b822c1bb8ba35066f1fdb7c', '1666397589');
INSERT INTO `users` (`id`, `firstname`, `lastname`, `email`, `password_hash`, `phone`) VALUES ('431', 'Genoveva', 'Parisian', 'monte45@example.org', 'fdfff93cd08c0e1b6cf87fcf6cc1c3faec7f3c9a', '6705750547');
INSERT INTO `users` (`id`, `firstname`, `lastname`, `email`, `password_hash`, `phone`) VALUES ('437', 'Annabel', 'Ernser', 'patrick.harvey@example.com', 'c3cddf7a7b724fb2f2dd59838cb7b56281525333', '694');
INSERT INTO `users` (`id`, `firstname`, `lastname`, `email`, `password_hash`, `phone`) VALUES ('439', 'Seth', 'Bernier', 'caleigh.streich@example.com', 'e6b506d91ccb6eaa77d189d6a99cc76e1293f2c8', '36');
INSERT INTO `users` (`id`, `firstname`, `lastname`, `email`, `password_hash`, `phone`) VALUES ('440', 'Millie', 'Gottlieb', 'uharris@example.net', '84298f265b6b60151179056c31ad3bd078f38bb1', '371647');
INSERT INTO `users` (`id`, `firstname`, `lastname`, `email`, `password_hash`, `phone`) VALUES ('441', 'Cyrus', 'Emard', 'wdubuque@example.org', '542a47f44084f7f9556128ccfe2753c342a513c2', '846694');
INSERT INTO `users` (`id`, `firstname`, `lastname`, `email`, `password_hash`, `phone`) VALUES ('442', 'Berneice', 'Volkman', 'charlene.lehner@example.org', 'c5c32047c439c1222f760e6d846d960665282329', '244');
INSERT INTO `users` (`id`, `firstname`, `lastname`, `email`, `password_hash`, `phone`) VALUES ('446', 'Thalia', 'Satterfield', 'thartmann@example.com', 'cbf7aed3defa671503dfab6bb5b58361136816e6', '89');
INSERT INTO `users` (`id`, `firstname`, `lastname`, `email`, `password_hash`, `phone`) VALUES ('447', 'Agustina', 'Morissette', 'ophelia52@example.com', 'd4b88331673c9ba4367b88056212c3f638639cdc', '573');
INSERT INTO `users` (`id`, `firstname`, `lastname`, `email`, `password_hash`, `phone`) VALUES ('448', 'Jamarcus', 'Skiles', 'broderick.maggio@example.com', 'c85c9aac59c642b7cd68f5ba289489857ab35b11', '919');
INSERT INTO `users` (`id`, `firstname`, `lastname`, `email`, `password_hash`, `phone`) VALUES ('450', 'Mariane', 'Rohan', 'bernier.nasir@example.com', '7fdf06ab0a03a3cdf47f26a3a32a0ba5e74438be', '628634');
INSERT INTO `users` (`id`, `firstname`, `lastname`, `email`, `password_hash`, `phone`) VALUES ('451', 'Marcellus', 'Nicolas', 'willard.pagac@example.com', 'abc6e07fc366909d982ee46cacd9a0792d7c698e', '361001');
INSERT INTO `users` (`id`, `firstname`, `lastname`, `email`, `password_hash`, `phone`) VALUES ('452', 'Lenna', 'Dach', 'uferry@example.org', 'fcd6cb2390ff55ebd8936af693f1dcaf8c0c11f6', '175187');
INSERT INTO `users` (`id`, `firstname`, `lastname`, `email`, `password_hash`, `phone`) VALUES ('456', 'Moshe', 'Bosco', 'karolann.howe@example.com', '313153d2c047533fd0c18936be9c7fc91981ed59', '167');
INSERT INTO `users` (`id`, `firstname`, `lastname`, `email`, `password_hash`, `phone`) VALUES ('457', 'Garland', 'Boehm', 'gaston41@example.com', '99c6bb86937754438ae611d1d16622727ea001bc', '597571');
INSERT INTO `users` (`id`, `firstname`, `lastname`, `email`, `password_hash`, `phone`) VALUES ('458', 'Gust', 'Hoeger', 'hermann.fred@example.net', '599dc43be42fa2d2d70d432f3f488642ce09c617', '7');
INSERT INTO `users` (`id`, `firstname`, `lastname`, `email`, `password_hash`, `phone`) VALUES ('459', 'Nickolas', 'Fahey', 'antwon.stroman@example.net', 'a0458b3d032b48c170d847f4c8dc2e1ff84a3128', '170112');
INSERT INTO `users` (`id`, `firstname`, `lastname`, `email`, `password_hash`, `phone`) VALUES ('460', 'Blair', 'Daniel', 'jane50@example.org', 'd32fcc3cfa9f850041b27b511dbb975f99bb62d2', '834');
INSERT INTO `users` (`id`, `firstname`, `lastname`, `email`, `password_hash`, `phone`) VALUES ('461', 'Tomasa', 'Greenholt', 'vpurdy@example.com', '68ab7d24974c0e9e9b6fd351809810d3422165b2', '8916464837');
INSERT INTO `users` (`id`, `firstname`, `lastname`, `email`, `password_hash`, `phone`) VALUES ('463', 'Kylee', 'Bosco', 'maudie.o\'conner@example.org', '6c9d86f99411fd3d5d9922debf1514ea689e2a06', '292');
INSERT INTO `users` (`id`, `firstname`, `lastname`, `email`, `password_hash`, `phone`) VALUES ('464', 'Porter', 'Luettgen', 'edd.windler@example.net', 'ddd35ae09050e1aedbc121c26d79b285011fcaf7', '210443');
INSERT INTO `users` (`id`, `firstname`, `lastname`, `email`, `password_hash`, `phone`) VALUES ('466', 'Anne', 'Wehner', 'renner.dion@example.net', 'cdcabaf1e9996e18c0735308dd1362d6b77b66a3', '742');
INSERT INTO `users` (`id`, `firstname`, `lastname`, `email`, `password_hash`, `phone`) VALUES ('467', 'Francisco', 'Gerhold', 'dibbert.callie@example.com', '80cd29d5b8e44e54c18ebf026751c1acec36fee6', '714184');
INSERT INTO `users` (`id`, `firstname`, `lastname`, `email`, `password_hash`, `phone`) VALUES ('468', 'Annie', 'Hills', 'konopelski.kallie@example.net', 'b3e42a9871a643c079e71282ba46f96076d29796', '525079');
INSERT INTO `users` (`id`, `firstname`, `lastname`, `email`, `password_hash`, `phone`) VALUES ('469', 'Mercedes', 'Homenick', 'americo95@example.net', '7b5fc61075685f7407e38e5cbdd3e4bade8c55cb', '59');
INSERT INTO `users` (`id`, `firstname`, `lastname`, `email`, `password_hash`, `phone`) VALUES ('470', 'Arnaldo', 'Bruen', 'norval.gusikowski@example.net', '1670c36ed8c4ee37fad3f025b9d5d2d88be17e93', '709344');
INSERT INTO `users` (`id`, `firstname`, `lastname`, `email`, `password_hash`, `phone`) VALUES ('474', 'Ella', 'Sanford', 'effie19@example.net', '258cdbc25be78151ac7beeea190d8f827e3d9bac', '2272553691');
INSERT INTO `users` (`id`, `firstname`, `lastname`, `email`, `password_hash`, `phone`) VALUES ('479', 'Krystina', 'Gleason', 'fdooley@example.com', '1dc09ccdfd450a63b45e125204797511fdeb273f', '243');
INSERT INTO `users` (`id`, `firstname`, `lastname`, `email`, `password_hash`, `phone`) VALUES ('480', 'Lucie', 'Emmerich', 'zfunk@example.com', '28aced24120a9631be3ee8e5099a77b14ec28cd2', '281758');
INSERT INTO `users` (`id`, `firstname`, `lastname`, `email`, `password_hash`, `phone`) VALUES ('482', 'Alene', 'Nader', 'toy.garrison@example.net', '5ed22bff1c70a3c4855b9ae0444dc3c9e8b410b9', '458');
INSERT INTO `users` (`id`, `firstname`, `lastname`, `email`, `password_hash`, `phone`) VALUES ('483', 'Richard', 'Bailey', 'hstiedemann@example.net', 'baa0b3695de9f42b46dd1b41f71d2e29baa4dfe9', '755604');
INSERT INTO `users` (`id`, `firstname`, `lastname`, `email`, `password_hash`, `phone`) VALUES ('484', 'Christine', 'Huels', 'kuhic.lexie@example.net', '8cf5d5fe92aa8ba4ba88ec1c4d1e009bdce328b7', '390');
INSERT INTO `users` (`id`, `firstname`, `lastname`, `email`, `password_hash`, `phone`) VALUES ('487', 'Freeman', 'Robel', 'lueilwitz.cornelius@example.net', '9be645edcb4c483c3d8aeb70130e1a5de4124e99', '80');
INSERT INTO `users` (`id`, `firstname`, `lastname`, `email`, `password_hash`, `phone`) VALUES ('491', 'Callie', 'Miller', 'nadia.wilkinson@example.com', '095b5f7b7257d4456160b0760c7d179c2e8c19ba', '34');
INSERT INTO `users` (`id`, `firstname`, `lastname`, `email`, `password_hash`, `phone`) VALUES ('492', 'Eulalia', 'Mosciski', 'zstehr@example.org', 'e5132d469595fce020d68b41df7aa7d833e52ff6', '516');
INSERT INTO `users` (`id`, `firstname`, `lastname`, `email`, `password_hash`, `phone`) VALUES ('493', 'Werner', 'Casper', 'ibednar@example.org', '0166756184e594fb247d8bb9935e436aa8b7622d', '238');
INSERT INTO `users` (`id`, `firstname`, `lastname`, `email`, `password_hash`, `phone`) VALUES ('494', 'Braulio', 'Turcotte', 'ubartoletti@example.net', '86966019e2db5d769cb700a2ba67ba50df91422f', '522');
INSERT INTO `users` (`id`, `firstname`, `lastname`, `email`, `password_hash`, `phone`) VALUES ('496', 'Francesca', 'Reichel', 'xbeer@example.com', 'd0d241775564c8db88d08b4c86ef71c492bffa53', '4239936372');
INSERT INTO `users` (`id`, `firstname`, `lastname`, `email`, `password_hash`, `phone`) VALUES ('497', 'Reed', 'Balistreri', 'mallie39@example.net', '906057de7b9127c55c54d3faf8517fcee5e23b7d', '110');
INSERT INTO `users` (`id`, `firstname`, `lastname`, `email`, `password_hash`, `phone`) VALUES ('498', 'Candice', 'Collins', 'ludwig.upton@example.com', 'dc502f2224473b14e90db1f2e40c0a63d1ec30d2', '164');
INSERT INTO `users` (`id`, `firstname`, `lastname`, `email`, `password_hash`, `phone`) VALUES ('500', 'Rae', 'Kris', 'jalon.borer@example.com', 'bc2ee0a6eebe79ef9daeb97445d77b56e6f20cdc', '536');
INSERT INTO `users` (`id`, `firstname`, `lastname`, `email`, `password_hash`, `phone`) VALUES ('501', 'Violette', 'Fay', 'joseph70@example.org', 'b329091b2cc0c3173d497d33a6051165b7c0d912', '91884');
INSERT INTO `users` (`id`, `firstname`, `lastname`, `email`, `password_hash`, `phone`) VALUES ('503', 'Willow', 'Shanahan', 'hbradtke@example.net', 'b5dc04cb3c2973aa5f4875a902f5822a564cf6cb', '703704');
INSERT INTO `users` (`id`, `firstname`, `lastname`, `email`, `password_hash`, `phone`) VALUES ('504', 'Samantha', 'Bruen', 'glueilwitz@example.net', '71788305ca43b03ac1c8d1516d68180046a2ce6b', '632481');
INSERT INTO `users` (`id`, `firstname`, `lastname`, `email`, `password_hash`, `phone`) VALUES ('505', 'Jackie', 'Legros', 'isaias78@example.org', '5c3a5cb4c0b2a47550c3fcdaee0d501ddb92eba7', '79');
INSERT INTO `users` (`id`, `firstname`, `lastname`, `email`, `password_hash`, `phone`) VALUES ('507', 'Elmore', 'Parker', 'rrohan@example.net', '493c474d712ade2a8ea22c16773664a435e6540c', '731');
INSERT INTO `users` (`id`, `firstname`, `lastname`, `email`, `password_hash`, `phone`) VALUES ('508', 'Alanis', 'Sauer', 'gorczany.darrel@example.net', 'a0f97048c7a23acdc61d406d1c7aa23c05b27c13', '442');
INSERT INTO `users` (`id`, `firstname`, `lastname`, `email`, `password_hash`, `phone`) VALUES ('509', 'Karina', 'Haag', 'powlowski.kelsie@example.com', 'b16c1286ff46d3e91014181455cf66e314930613', '99552');
INSERT INTO `users` (`id`, `firstname`, `lastname`, `email`, `password_hash`, `phone`) VALUES ('510', 'Aleen', 'Greenholt', 'brakus.gardner@example.com', '9d50f3195bfad9cd4776d8c123dabec3e28db224', '724864');
INSERT INTO `users` (`id`, `firstname`, `lastname`, `email`, `password_hash`, `phone`) VALUES ('511', 'Kelli', 'Shields', 'hilpert.jermain@example.net', '6c3b9148b6683c269462fa49f0fa085e65d4a1fe', '648');
INSERT INTO `users` (`id`, `firstname`, `lastname`, `email`, `password_hash`, `phone`) VALUES ('513', 'Nya', 'Friesen', 'swaniawski.sigmund@example.org', '8c699ad6ec313e03df2cb660fac551bde0e4dd88', '581');
INSERT INTO `users` (`id`, `firstname`, `lastname`, `email`, `password_hash`, `phone`) VALUES ('514', 'Judah', 'Gleason', 'birdie.reilly@example.com', '84be6cb76b3e4c8a826a505cef96072847ff26d5', '414');
INSERT INTO `users` (`id`, `firstname`, `lastname`, `email`, `password_hash`, `phone`) VALUES ('515', 'Esta', 'Lesch', 'kkuphal@example.net', '10ff2c49be140c4026e0c55aacb2e2bbfd1f0c8f', '486');
INSERT INTO `users` (`id`, `firstname`, `lastname`, `email`, `password_hash`, `phone`) VALUES ('517', 'Rylan', 'Cormier', 'virgie.gerhold@example.net', '179e00513d624abc3265f52d8a6527ccf982cc5c', '389');
INSERT INTO `users` (`id`, `firstname`, `lastname`, `email`, `password_hash`, `phone`) VALUES ('519', 'Jaime', 'Graham', 'pmarvin@example.net', 'eab32eb824c62140f958746cf555883f14500b2a', '46');
INSERT INTO `users` (`id`, `firstname`, `lastname`, `email`, `password_hash`, `phone`) VALUES ('520', 'Deron', 'Langosh', 'calista.nicolas@example.com', 'd0ed45c6a43d5f18bdaa1de364eeaf0c33bc0e2a', '88619');
INSERT INTO `users` (`id`, `firstname`, `lastname`, `email`, `password_hash`, `phone`) VALUES ('521', 'Haley', 'Spinka', 'wwaters@example.org', '34e8c9592e2c16d26730c1eff2921c7cc76a1056', '460774');
INSERT INTO `users` (`id`, `firstname`, `lastname`, `email`, `password_hash`, `phone`) VALUES ('522', 'Clementine', 'Cummings', 'kuhn.bernard@example.org', 'b4b4a8947a333b10543ff893f578abf865990c7e', '393211');
INSERT INTO `users` (`id`, `firstname`, `lastname`, `email`, `password_hash`, `phone`) VALUES ('525', 'Georgianna', 'Bauch', 'bradtke.hassie@example.com', '46b14906d6d1e51a90acbd4911604417a74260bc', '993');
INSERT INTO `users` (`id`, `firstname`, `lastname`, `email`, `password_hash`, `phone`) VALUES ('526', 'Anastasia', 'Paucek', 'eleonore38@example.com', 'cd6c9925e25839d47d4ccc0201b1184fa7c2d5f5', '274');
INSERT INTO `users` (`id`, `firstname`, `lastname`, `email`, `password_hash`, `phone`) VALUES ('527', 'Zoila', 'Cassin', 'leo.goodwin@example.org', '4fc066ce6e9e88c54c0da1043213f2f3640681c6', '945498');
INSERT INTO `users` (`id`, `firstname`, `lastname`, `email`, `password_hash`, `phone`) VALUES ('528', 'Viva', 'Tillman', 'dgutkowski@example.com', '19e3b3a479192d4560b69b3dceba2353c414f6d8', '2482591948');
INSERT INTO `users` (`id`, `firstname`, `lastname`, `email`, `password_hash`, `phone`) VALUES ('529', 'Gloria', 'Ratke', 'hdeckow@example.net', 'ee80ca4a6f5424f03d1c6ed33791c7c9067b95da', '992320');
INSERT INTO `users` (`id`, `firstname`, `lastname`, `email`, `password_hash`, `phone`) VALUES ('530', 'Derek', 'Rempel', 'presley81@example.com', '20db6c28ee4dc7149e8c139a03346426c8be5c1d', '7007673788');
INSERT INTO `users` (`id`, `firstname`, `lastname`, `email`, `password_hash`, `phone`) VALUES ('531', 'Eleanore', 'Rogahn', 'ngorczany@example.net', 'affdf2fe6d5b9cfe1a8fb5b97bb05fdca770db48', '382386');
INSERT INTO `users` (`id`, `firstname`, `lastname`, `email`, `password_hash`, `phone`) VALUES ('535', 'Francisca', 'Volkman', 'doberbrunner@example.net', 'dc29132dc5c1f58e89686f3f0897ddb93c965366', '234699');
INSERT INTO `users` (`id`, `firstname`, `lastname`, `email`, `password_hash`, `phone`) VALUES ('536', 'Marjory', 'Kulas', 'ubaldo09@example.com', 'aa5c4f85dc0c9841135628ec11a50164d3f25c13', '67933');
INSERT INTO `users` (`id`, `firstname`, `lastname`, `email`, `password_hash`, `phone`) VALUES ('539', 'Gisselle', 'Weber', 'jarod09@example.net', '827803594479dd6d216547365605cdbcce18e405', '9996439716');
INSERT INTO `users` (`id`, `firstname`, `lastname`, `email`, `password_hash`, `phone`) VALUES ('540', 'Annabel', 'Bednar', 'wswaniawski@example.net', 'cd31a32058478f6e64b86012a24147abd3cd0dc7', '221');
INSERT INTO `users` (`id`, `firstname`, `lastname`, `email`, `password_hash`, `phone`) VALUES ('542', 'Nash', 'Lebsack', 'qpfannerstill@example.org', '5c7f042446c289dc727a1d781ce6a152282cda72', '8730675900');
INSERT INTO `users` (`id`, `firstname`, `lastname`, `email`, `password_hash`, `phone`) VALUES ('545', 'Augustus', 'McClure', 'kip.mckenzie@example.com', 'd9f43fabeb1db161db7d712077880ffc3ea15772', '1880881990');
INSERT INTO `users` (`id`, `firstname`, `lastname`, `email`, `password_hash`, `phone`) VALUES ('546', 'Max', 'Stamm', 'isabelle.farrell@example.org', '4970f72a8762c8493a72c93de92811e7a433a1a7', '812326');
INSERT INTO `users` (`id`, `firstname`, `lastname`, `email`, `password_hash`, `phone`) VALUES ('547', 'Kelley', 'Durgan', 'dayne.kub@example.org', '34ad61d54a4de3b5f499e70d70db18e2e7d0fdd7', '9');
INSERT INTO `users` (`id`, `firstname`, `lastname`, `email`, `password_hash`, `phone`) VALUES ('550', 'Torrey', 'Jacobson', 'jody13@example.org', '0bc4e4733b031c0c8daf2b0b48a99530a21da37d', '55107');
INSERT INTO `users` (`id`, `firstname`, `lastname`, `email`, `password_hash`, `phone`) VALUES ('551', 'Felicity', 'Sawayn', 'merritt.wiegand@example.net', '77b9fabb82c4d81501881e59f0d99922c578815c', '709099');
INSERT INTO `users` (`id`, `firstname`, `lastname`, `email`, `password_hash`, `phone`) VALUES ('555', 'Destinee', 'Feeney', 'reynolds.raphaelle@example.org', '10ad2ec5eb9cf171dcef2a7735e5937bcffefef9', '4100693673');
INSERT INTO `users` (`id`, `firstname`, `lastname`, `email`, `password_hash`, `phone`) VALUES ('558', 'Shyann', 'Lockman', 'jolie09@example.com', '4426c2820c76f7dc81528358d817b3a768a8cb07', '816');
INSERT INTO `users` (`id`, `firstname`, `lastname`, `email`, `password_hash`, `phone`) VALUES ('560', 'Harmon', 'Conroy', 'wstamm@example.org', '041d492d641d369fb4955c7d4cafb6a424889699', '208436');
INSERT INTO `users` (`id`, `firstname`, `lastname`, `email`, `password_hash`, `phone`) VALUES ('563', 'Gonzalo', 'Krajcik', 'king.angelina@example.org', 'cc15c2b4c0629a3eb7c7a936cade4685d4739486', '856');
INSERT INTO `users` (`id`, `firstname`, `lastname`, `email`, `password_hash`, `phone`) VALUES ('564', 'Morton', 'Armstrong', 'nwyman@example.org', 'dbd0187820dd3b88dc77d162f98dd820266d89c0', '596');
INSERT INTO `users` (`id`, `firstname`, `lastname`, `email`, `password_hash`, `phone`) VALUES ('566', 'Brad', 'Schuppe', 'marie15@example.com', 'b2f91390cc1281c2e418fb550227dbc602fea9bb', '406550');
INSERT INTO `users` (`id`, `firstname`, `lastname`, `email`, `password_hash`, `phone`) VALUES ('567', 'Erna', 'Volkman', 'dooley.ottis@example.org', 'a5ce8e38360ee112e09efae128953150f833f4cc', '428');
INSERT INTO `users` (`id`, `firstname`, `lastname`, `email`, `password_hash`, `phone`) VALUES ('571', 'Lamar', 'Huels', 'nelda.trantow@example.org', 'ff2a7eeb35cf5c64738889177cbfae88c98b2d27', '828');
INSERT INTO `users` (`id`, `firstname`, `lastname`, `email`, `password_hash`, `phone`) VALUES ('573', 'Monroe', 'Konopelski', 'lionel49@example.net', '3f49bd3a3e47a76cad92b440596218dfc7bef722', '340');
INSERT INTO `users` (`id`, `firstname`, `lastname`, `email`, `password_hash`, `phone`) VALUES ('575', 'Aliza', 'Fritsch', 'mabernathy@example.net', '00e6e0bc813598c73970450e9723f39b99c731bc', '2578740150');
INSERT INTO `users` (`id`, `firstname`, `lastname`, `email`, `password_hash`, `phone`) VALUES ('576', 'Elinore', 'Upton', 'maegan74@example.net', 'b7e41b80865b543af20521a1beb858c7bb2382ff', '436421');
INSERT INTO `users` (`id`, `firstname`, `lastname`, `email`, `password_hash`, `phone`) VALUES ('578', 'Erik', 'Ebert', 'nader.missouri@example.com', '9d22b100c34b3799875a4d791b6462aac01b903a', '318');
INSERT INTO `users` (`id`, `firstname`, `lastname`, `email`, `password_hash`, `phone`) VALUES ('583', 'Kathryne', 'Upton', 'colleen.dickens@example.com', 'af014f942cc0a4fd457752018a842487136a689a', '324036');
INSERT INTO `users` (`id`, `firstname`, `lastname`, `email`, `password_hash`, `phone`) VALUES ('584', 'Donnell', 'Little', 'lhills@example.com', 'abe8d524dacc802c24db4acbb0379da332ef8b69', '611');
INSERT INTO `users` (`id`, `firstname`, `lastname`, `email`, `password_hash`, `phone`) VALUES ('588', 'Wilford', 'Leffler', 'janie.schneider@example.com', '234b5284bcc3d7dfb1bb6221655adf9a418acdbb', '224');
INSERT INTO `users` (`id`, `firstname`, `lastname`, `email`, `password_hash`, `phone`) VALUES ('589', 'Luna', 'Wolf', 'gaylord.myah@example.com', '3a10e3b3ea8f86b46aa8a9170e3dbd43176bc84d', '5088162275');
INSERT INTO `users` (`id`, `firstname`, `lastname`, `email`, `password_hash`, `phone`) VALUES ('590', 'Janie', 'Haag', 'medhurst.dylan@example.com', '7e30c784669457a7c9422d1709eac4a7531601c5', '792869');
INSERT INTO `users` (`id`, `firstname`, `lastname`, `email`, `password_hash`, `phone`) VALUES ('591', 'Cristian', 'Botsford', 'rodriguez.ansel@example.org', '184bee8b863bbbf8726da39312bafcbe32b5260f', '70');
INSERT INTO `users` (`id`, `firstname`, `lastname`, `email`, `password_hash`, `phone`) VALUES ('592', 'Zetta', 'Russel', 'rosenbaum.pamela@example.com', '3fc96ab7198674ba5a12217f1bb6f7298ca963df', '617126');
INSERT INTO `users` (`id`, `firstname`, `lastname`, `email`, `password_hash`, `phone`) VALUES ('593', 'Javonte', 'Heathcote', 'ddeckow@example.net', 'e21c05bd69e14de919bb75905994c6ec6d9edaec', '1393815567');
INSERT INTO `users` (`id`, `firstname`, `lastname`, `email`, `password_hash`, `phone`) VALUES ('594', 'Willy', 'Kihn', 'rahul.steuber@example.net', 'a09d8487e41d673393c8029648edd2c5f427d821', '482');
INSERT INTO `users` (`id`, `firstname`, `lastname`, `email`, `password_hash`, `phone`) VALUES ('595', 'Diamond', 'Halvorson', 'elda.ferry@example.org', '85d05e03b8eedda5847b261a0987dc588d840ac2', '72311');
INSERT INTO `users` (`id`, `firstname`, `lastname`, `email`, `password_hash`, `phone`) VALUES ('596', 'Dereck', 'Schuster', 'rodriguez.laurine@example.com', '883400c52b3476405adfedba304893d1ba91a73f', '7938165610');
INSERT INTO `users` (`id`, `firstname`, `lastname`, `email`, `password_hash`, `phone`) VALUES ('597', 'Parker', 'Powlowski', 'suzanne.schiller@example.net', 'e498e862cc88bde06b6bd438b258cea38ccf608f', '627161');

#
# TABLE STRUCTURE FOR: photo_albums
#

DROP TABLE IF EXISTS `photo_albums`;

CREATE TABLE `photo_albums` (
  `id` bigint(20) unsigned NOT NULL AUTO_INCREMENT,
  `name` varchar(255) COLLATE utf8mb4_unicode_ci DEFAULT NULL,
  `user_id` bigint(20) unsigned DEFAULT NULL,
  PRIMARY KEY (`id`),
  UNIQUE KEY `id` (`id`),
  KEY `user_id` (`user_id`),
  CONSTRAINT `photo_albums_ibfk_1` FOREIGN KEY (`user_id`) REFERENCES `users` (`id`)
) ENGINE=InnoDB AUTO_INCREMENT=101 DEFAULT CHARSET=utf8mb4 COLLATE=utf8mb4_unicode_ci;

INSERT INTO `photo_albums` (`id`, `name`, `user_id`) VALUES ('1', 'dolorem', '301');
INSERT INTO `photo_albums` (`id`, `name`, `user_id`) VALUES ('2', 'voluptate', '302');
INSERT INTO `photo_albums` (`id`, `name`, `user_id`) VALUES ('3', 'fugit', '303');
INSERT INTO `photo_albums` (`id`, `name`, `user_id`) VALUES ('4', 'vel', '304');
INSERT INTO `photo_albums` (`id`, `name`, `user_id`) VALUES ('5', 'ducimus', '305');
INSERT INTO `photo_albums` (`id`, `name`, `user_id`) VALUES ('6', 'porro', '308');
INSERT INTO `photo_albums` (`id`, `name`, `user_id`) VALUES ('7', 'aut', '310');
INSERT INTO `photo_albums` (`id`, `name`, `user_id`) VALUES ('8', 'tenetur', '311');
INSERT INTO `photo_albums` (`id`, `name`, `user_id`) VALUES ('9', 'accusamus', '312');
INSERT INTO `photo_albums` (`id`, `name`, `user_id`) VALUES ('10', 'nesciunt', '313');
INSERT INTO `photo_albums` (`id`, `name`, `user_id`) VALUES ('11', 'aliquid', '315');
INSERT INTO `photo_albums` (`id`, `name`, `user_id`) VALUES ('12', 'ut', '316');
INSERT INTO `photo_albums` (`id`, `name`, `user_id`) VALUES ('13', 'iure', '320');
INSERT INTO `photo_albums` (`id`, `name`, `user_id`) VALUES ('14', 'numquam', '321');
INSERT INTO `photo_albums` (`id`, `name`, `user_id`) VALUES ('15', 'architecto', '323');
INSERT INTO `photo_albums` (`id`, `name`, `user_id`) VALUES ('16', 'est', '324');
INSERT INTO `photo_albums` (`id`, `name`, `user_id`) VALUES ('17', 'rem', '325');
INSERT INTO `photo_albums` (`id`, `name`, `user_id`) VALUES ('18', 'nihil', '326');
INSERT INTO `photo_albums` (`id`, `name`, `user_id`) VALUES ('19', 'eos', '328');
INSERT INTO `photo_albums` (`id`, `name`, `user_id`) VALUES ('20', 'non', '329');
INSERT INTO `photo_albums` (`id`, `name`, `user_id`) VALUES ('21', 'necessitatibus', '333');
INSERT INTO `photo_albums` (`id`, `name`, `user_id`) VALUES ('22', 'aperiam', '334');
INSERT INTO `photo_albums` (`id`, `name`, `user_id`) VALUES ('23', 'ut', '335');
INSERT INTO `photo_albums` (`id`, `name`, `user_id`) VALUES ('24', 'quas', '337');
INSERT INTO `photo_albums` (`id`, `name`, `user_id`) VALUES ('25', 'minima', '338');
INSERT INTO `photo_albums` (`id`, `name`, `user_id`) VALUES ('26', 'nihil', '340');
INSERT INTO `photo_albums` (`id`, `name`, `user_id`) VALUES ('27', 'itaque', '341');
INSERT INTO `photo_albums` (`id`, `name`, `user_id`) VALUES ('28', 'fugit', '344');
INSERT INTO `photo_albums` (`id`, `name`, `user_id`) VALUES ('29', 'deleniti', '345');
INSERT INTO `photo_albums` (`id`, `name`, `user_id`) VALUES ('30', 'hic', '349');
INSERT INTO `photo_albums` (`id`, `name`, `user_id`) VALUES ('31', 'nam', '350');
INSERT INTO `photo_albums` (`id`, `name`, `user_id`) VALUES ('32', 'quia', '351');
INSERT INTO `photo_albums` (`id`, `name`, `user_id`) VALUES ('33', 'autem', '352');
INSERT INTO `photo_albums` (`id`, `name`, `user_id`) VALUES ('34', 'doloribus', '355');
INSERT INTO `photo_albums` (`id`, `name`, `user_id`) VALUES ('35', 'dicta', '356');
INSERT INTO `photo_albums` (`id`, `name`, `user_id`) VALUES ('36', 'officia', '358');
INSERT INTO `photo_albums` (`id`, `name`, `user_id`) VALUES ('37', 'velit', '360');
INSERT INTO `photo_albums` (`id`, `name`, `user_id`) VALUES ('38', 'ut', '361');
INSERT INTO `photo_albums` (`id`, `name`, `user_id`) VALUES ('39', 'aliquam', '362');
INSERT INTO `photo_albums` (`id`, `name`, `user_id`) VALUES ('40', 'cum', '364');
INSERT INTO `photo_albums` (`id`, `name`, `user_id`) VALUES ('41', 'doloribus', '365');
INSERT INTO `photo_albums` (`id`, `name`, `user_id`) VALUES ('42', 'laboriosam', '368');
INSERT INTO `photo_albums` (`id`, `name`, `user_id`) VALUES ('43', 'beatae', '370');
INSERT INTO `photo_albums` (`id`, `name`, `user_id`) VALUES ('44', 'explicabo', '372');
INSERT INTO `photo_albums` (`id`, `name`, `user_id`) VALUES ('45', 'qui', '374');
INSERT INTO `photo_albums` (`id`, `name`, `user_id`) VALUES ('46', 'omnis', '377');
INSERT INTO `photo_albums` (`id`, `name`, `user_id`) VALUES ('47', 'nihil', '378');
INSERT INTO `photo_albums` (`id`, `name`, `user_id`) VALUES ('48', 'dolorum', '380');
INSERT INTO `photo_albums` (`id`, `name`, `user_id`) VALUES ('49', 'maxime', '383');
INSERT INTO `photo_albums` (`id`, `name`, `user_id`) VALUES ('50', 'incidunt', '386');
INSERT INTO `photo_albums` (`id`, `name`, `user_id`) VALUES ('51', 'tempora', '387');
INSERT INTO `photo_albums` (`id`, `name`, `user_id`) VALUES ('52', 'molestiae', '391');
INSERT INTO `photo_albums` (`id`, `name`, `user_id`) VALUES ('53', 'earum', '392');
INSERT INTO `photo_albums` (`id`, `name`, `user_id`) VALUES ('54', 'sed', '393');
INSERT INTO `photo_albums` (`id`, `name`, `user_id`) VALUES ('55', 'tenetur', '394');
INSERT INTO `photo_albums` (`id`, `name`, `user_id`) VALUES ('56', 'sit', '395');
INSERT INTO `photo_albums` (`id`, `name`, `user_id`) VALUES ('57', 'pariatur', '396');
INSERT INTO `photo_albums` (`id`, `name`, `user_id`) VALUES ('58', 'vero', '400');
INSERT INTO `photo_albums` (`id`, `name`, `user_id`) VALUES ('59', 'explicabo', '401');
INSERT INTO `photo_albums` (`id`, `name`, `user_id`) VALUES ('60', 'sunt', '402');
INSERT INTO `photo_albums` (`id`, `name`, `user_id`) VALUES ('61', 'saepe', '403');
INSERT INTO `photo_albums` (`id`, `name`, `user_id`) VALUES ('62', 'sit', '405');
INSERT INTO `photo_albums` (`id`, `name`, `user_id`) VALUES ('63', 'nulla', '407');
INSERT INTO `photo_albums` (`id`, `name`, `user_id`) VALUES ('64', 'aut', '409');
INSERT INTO `photo_albums` (`id`, `name`, `user_id`) VALUES ('65', 'id', '410');
INSERT INTO `photo_albums` (`id`, `name`, `user_id`) VALUES ('66', 'est', '412');
INSERT INTO `photo_albums` (`id`, `name`, `user_id`) VALUES ('67', 'impedit', '413');
INSERT INTO `photo_albums` (`id`, `name`, `user_id`) VALUES ('68', 'eveniet', '414');
INSERT INTO `photo_albums` (`id`, `name`, `user_id`) VALUES ('69', 'odit', '418');
INSERT INTO `photo_albums` (`id`, `name`, `user_id`) VALUES ('70', 'reiciendis', '420');
INSERT INTO `photo_albums` (`id`, `name`, `user_id`) VALUES ('71', 'voluptatem', '421');
INSERT INTO `photo_albums` (`id`, `name`, `user_id`) VALUES ('72', 'aliquid', '422');
INSERT INTO `photo_albums` (`id`, `name`, `user_id`) VALUES ('73', 'quisquam', '423');
INSERT INTO `photo_albums` (`id`, `name`, `user_id`) VALUES ('74', 'necessitatibus', '425');
INSERT INTO `photo_albums` (`id`, `name`, `user_id`) VALUES ('75', 'rerum', '426');
INSERT INTO `photo_albums` (`id`, `name`, `user_id`) VALUES ('76', 'ut', '430');
INSERT INTO `photo_albums` (`id`, `name`, `user_id`) VALUES ('77', 'sunt', '431');
INSERT INTO `photo_albums` (`id`, `name`, `user_id`) VALUES ('78', 'rerum', '437');
INSERT INTO `photo_albums` (`id`, `name`, `user_id`) VALUES ('79', 'quo', '439');
INSERT INTO `photo_albums` (`id`, `name`, `user_id`) VALUES ('80', 'architecto', '440');
INSERT INTO `photo_albums` (`id`, `name`, `user_id`) VALUES ('81', 'aliquam', '441');
INSERT INTO `photo_albums` (`id`, `name`, `user_id`) VALUES ('82', 'sed', '442');
INSERT INTO `photo_albums` (`id`, `name`, `user_id`) VALUES ('83', 'magni', '446');
INSERT INTO `photo_albums` (`id`, `name`, `user_id`) VALUES ('84', 'vitae', '447');
INSERT INTO `photo_albums` (`id`, `name`, `user_id`) VALUES ('85', 'odit', '448');
INSERT INTO `photo_albums` (`id`, `name`, `user_id`) VALUES ('86', 'omnis', '450');
INSERT INTO `photo_albums` (`id`, `name`, `user_id`) VALUES ('87', 'eos', '451');
INSERT INTO `photo_albums` (`id`, `name`, `user_id`) VALUES ('88', 'delectus', '452');
INSERT INTO `photo_albums` (`id`, `name`, `user_id`) VALUES ('89', 'suscipit', '456');
INSERT INTO `photo_albums` (`id`, `name`, `user_id`) VALUES ('90', 'accusantium', '457');
INSERT INTO `photo_albums` (`id`, `name`, `user_id`) VALUES ('91', 'eligendi', '458');
INSERT INTO `photo_albums` (`id`, `name`, `user_id`) VALUES ('92', 'voluptatem', '459');
INSERT INTO `photo_albums` (`id`, `name`, `user_id`) VALUES ('93', 'architecto', '460');
INSERT INTO `photo_albums` (`id`, `name`, `user_id`) VALUES ('94', 'quos', '461');
INSERT INTO `photo_albums` (`id`, `name`, `user_id`) VALUES ('95', 'ducimus', '463');
INSERT INTO `photo_albums` (`id`, `name`, `user_id`) VALUES ('96', 'vitae', '464');
INSERT INTO `photo_albums` (`id`, `name`, `user_id`) VALUES ('97', 'temporibus', '466');
INSERT INTO `photo_albums` (`id`, `name`, `user_id`) VALUES ('98', 'a', '467');
INSERT INTO `photo_albums` (`id`, `name`, `user_id`) VALUES ('99', 'consequatur', '468');
INSERT INTO `photo_albums` (`id`, `name`, `user_id`) VALUES ('100', 'iure', '469');


#
# TABLE STRUCTURE FOR: media_types
#

DROP TABLE IF EXISTS `media_types`;

CREATE TABLE `media_types` (
  `id` bigint(20) unsigned NOT NULL AUTO_INCREMENT,
  `name` varchar(255) COLLATE utf8mb4_unicode_ci DEFAULT NULL,
  `created_at` datetime DEFAULT current_timestamp(),
  `updated_at` datetime DEFAULT NULL ON UPDATE current_timestamp(),
  UNIQUE KEY `id` (`id`)
) ENGINE=InnoDB AUTO_INCREMENT=6 DEFAULT CHARSET=utf8mb4 COLLATE=utf8mb4_unicode_ci;

INSERT INTO `media_types` (`id`, `name`, `created_at`, `updated_at`) VALUES ('1', 'est', '2018-09-05 06:06:00', '1990-02-23 17:34:57');
INSERT INTO `media_types` (`id`, `name`, `created_at`, `updated_at`) VALUES ('2', 'ipsam', '2006-01-25 23:06:28', '1980-12-21 14:07:00');
INSERT INTO `media_types` (`id`, `name`, `created_at`, `updated_at`) VALUES ('3', 'quam', '2000-07-15 03:54:01', '2012-02-15 06:55:28');
INSERT INTO `media_types` (`id`, `name`, `created_at`, `updated_at`) VALUES ('4', 'nulla', '1993-06-23 22:34:56', '1992-10-16 16:20:56');
INSERT INTO `media_types` (`id`, `name`, `created_at`, `updated_at`) VALUES ('5', 'mollitia', '1972-08-04 07:00:00', '1975-09-25 11:32:30');

#
# TABLE STRUCTURE FOR: media
#

DROP TABLE IF EXISTS `media`;

CREATE TABLE `media` (
  `id` bigint(20) unsigned NOT NULL AUTO_INCREMENT,
  `media_type_id` bigint(20) unsigned NOT NULL,
  `user_id` bigint(20) unsigned NOT NULL,
  `body` text COLLATE utf8mb4_unicode_ci DEFAULT NULL,
  `filename` varchar(255) COLLATE utf8mb4_unicode_ci DEFAULT NULL,
  `size` int(11) DEFAULT NULL,
  `metadata` longtext CHARACTER SET utf8mb4 COLLATE utf8mb4_bin DEFAULT NULL CHECK (json_valid(`metadata`)),
  `created_at` datetime DEFAULT current_timestamp(),
  `updated_at` datetime DEFAULT NULL ON UPDATE current_timestamp(),
  UNIQUE KEY `id` (`id`),
  KEY `user_id` (`user_id`),
  KEY `media_type_id` (`media_type_id`),
  CONSTRAINT `media_ibfk_1` FOREIGN KEY (`user_id`) REFERENCES `users` (`id`),
  CONSTRAINT `media_ibfk_2` FOREIGN KEY (`media_type_id`) REFERENCES `media_types` (`id`)
) ENGINE=InnoDB AUTO_INCREMENT=101 DEFAULT CHARSET=utf8mb4 COLLATE=utf8mb4_unicode_ci;

INSERT INTO `media` (`id`, `media_type_id`, `user_id`, `body`, `filename`, `size`, `metadata`, `created_at`, `updated_at`) VALUES ('1', '1', '301', 'Atque voluptas eum id veniam mollitia. Dicta fugiat et rerum. Et ut qui corporis in rerum. Sit est optio tenetur ut optio tempore aut.', 'voluptate', 325123402, NULL, '1970-09-13 18:03:58', '2016-04-12 18:38:03');
INSERT INTO `media` (`id`, `media_type_id`, `user_id`, `body`, `filename`, `size`, `metadata`, `created_at`, `updated_at`) VALUES ('2', '2', '302', 'Excepturi et illo architecto rem eius odio ad. Saepe iure expedita incidunt molestiae ipsam consequatur architecto. Ipsa quisquam nulla ut aut ut. Aut aut distinctio rerum. Quidem reiciendis minus magnam deserunt id.', 'illo', 5123, NULL, '1995-09-07 03:54:38', '1973-09-06 08:30:31');
INSERT INTO `media` (`id`, `media_type_id`, `user_id`, `body`, `filename`, `size`, `metadata`, `created_at`, `updated_at`) VALUES ('3', '3', '303', 'Saepe saepe nesciunt tenetur alias impedit suscipit nesciunt. In dolore quos quam. Voluptas quod tenetur illo nisi rerum. Dolorum nam aut sunt excepturi fuga. Quis in repellendus optio porro voluptas.', 'dignissimos', 52, NULL, '2017-01-12 09:56:44', '1990-10-09 20:55:04');
INSERT INTO `media` (`id`, `media_type_id`, `user_id`, `body`, `filename`, `size`, `metadata`, `created_at`, `updated_at`) VALUES ('4', '4', '304', 'Earum et vel culpa eum aut iusto. Sequi nulla distinctio labore impedit voluptates iusto. Vel maiores tempore minima qui dolore eligendi voluptatem.', 'neque', 104, NULL, '1980-12-19 05:16:06', '2007-05-01 13:14:55');
INSERT INTO `media` (`id`, `media_type_id`, `user_id`, `body`, `filename`, `size`, `metadata`, `created_at`, `updated_at`) VALUES ('5', '5', '305', 'Quae reprehenderit molestiae eius neque rerum. Ut sed perspiciatis culpa aut qui officia. Voluptatum deserunt voluptates aut ut quo esse dolor aut.', 'praesentium', 0, NULL, '1985-09-11 01:42:59', '2019-01-09 00:24:00');
INSERT INTO `media` (`id`, `media_type_id`, `user_id`, `body`, `filename`, `size`, `metadata`, `created_at`, `updated_at`) VALUES ('6', '1', '308', 'Veniam nisi molestiae sequi mollitia tempore. Dicta natus aspernatur ad eos consequatur. Aut qui nulla veniam est. Incidunt velit tempore animi possimus rerum. Dolores voluptates deserunt aut deserunt sit rerum molestiae.', 'rerum', 0, NULL, '2010-06-06 21:56:18', '1980-05-29 05:32:24');
INSERT INTO `media` (`id`, `media_type_id`, `user_id`, `body`, `filename`, `size`, `metadata`, `created_at`, `updated_at`) VALUES ('7', '2', '310', 'Sint dolores non delectus magni dignissimos. Ipsa sapiente voluptate natus animi et labore sit. Sint itaque aut deserunt placeat voluptate. Nam inventore id et beatae.', 'sunt', 0, NULL, '2020-02-22 12:36:11', '2007-09-14 06:16:52');
INSERT INTO `media` (`id`, `media_type_id`, `user_id`, `body`, `filename`, `size`, `metadata`, `created_at`, `updated_at`) VALUES ('8', '3', '311', 'Et et maiores eos non minima. Blanditiis libero numquam rem quidem qui hic exercitationem. Ipsam molestias ratione aut beatae nisi sit maxime voluptates.', 'ipsa', 83, NULL, '2017-09-09 04:10:49', '1975-09-28 23:16:00');
INSERT INTO `media` (`id`, `media_type_id`, `user_id`, `body`, `filename`, `size`, `metadata`, `created_at`, `updated_at`) VALUES ('9', '4', '312', 'Dolore earum vero rerum sit animi sint mollitia. Praesentium recusandae eum fuga nihil ea similique quam blanditiis. Ipsa hic sint at temporibus nihil. Cumque voluptate reprehenderit et voluptatem quaerat enim.', 'libero', 538047, NULL, '2001-05-05 23:14:42', '1971-01-09 22:36:27');
INSERT INTO `media` (`id`, `media_type_id`, `user_id`, `body`, `filename`, `size`, `metadata`, `created_at`, `updated_at`) VALUES ('10', '5', '313', 'Voluptatem dolor est illo ut et maxime. Magnam facere ex at. Alias unde eum est qui id.', 'quia', 532434, NULL, '2007-10-04 17:53:40', '1996-11-12 09:10:35');
INSERT INTO `media` (`id`, `media_type_id`, `user_id`, `body`, `filename`, `size`, `metadata`, `created_at`, `updated_at`) VALUES ('11', '1', '315', 'Temporibus doloribus nam nisi tempore consequuntur. Optio doloremque veritatis recusandae magnam. Sint voluptas eum sed assumenda. Ad et fugiat excepturi.', 'iusto', 91, NULL, '2000-04-08 18:56:52', '1998-02-04 22:32:01');
INSERT INTO `media` (`id`, `media_type_id`, `user_id`, `body`, `filename`, `size`, `metadata`, `created_at`, `updated_at`) VALUES ('12', '2', '316', 'Qui aut omnis corporis eos neque. Ut praesentium ad occaecati ut. Earum cum cupiditate ut omnis perferendis illum recusandae et. Dolorem quo dolor enim dicta praesentium cumque autem excepturi.', 'est', 194291853, NULL, '1984-04-23 06:49:34', '1971-01-05 03:44:56');
INSERT INTO `media` (`id`, `media_type_id`, `user_id`, `body`, `filename`, `size`, `metadata`, `created_at`, `updated_at`) VALUES ('13', '3', '320', 'Corporis necessitatibus at numquam nulla eveniet. Commodi blanditiis illo ut. Consequatur tempore dolor dolorum aperiam veritatis omnis et. Accusantium suscipit autem optio non.', 'qui', 138, NULL, '1976-05-01 12:07:52', '1973-10-22 16:59:35');
INSERT INTO `media` (`id`, `media_type_id`, `user_id`, `body`, `filename`, `size`, `metadata`, `created_at`, `updated_at`) VALUES ('14', '4', '321', 'Ratione et rerum repellat doloremque facilis error. Sed voluptatibus dolor reiciendis qui ducimus quia.', 'illum', 56516707, NULL, '1983-08-07 22:33:23', '1970-09-12 02:54:05');
INSERT INTO `media` (`id`, `media_type_id`, `user_id`, `body`, `filename`, `size`, `metadata`, `created_at`, `updated_at`) VALUES ('15', '5', '323', 'Fugit dolorem quia quo sit tenetur suscipit accusantium. Suscipit et aut quasi veritatis quia. Deserunt nulla iste id exercitationem nobis. Ab perspiciatis doloremque dolore ut.', 'aut', 61461, NULL, '2015-12-21 19:28:50', '2016-07-27 07:01:55');
INSERT INTO `media` (`id`, `media_type_id`, `user_id`, `body`, `filename`, `size`, `metadata`, `created_at`, `updated_at`) VALUES ('16', '1', '324', 'Ut corrupti ab quis dolores. Aliquam asperiores consequuntur voluptatum dolorem. Accusamus voluptatem et ea. Nam fugiat tenetur voluptatem doloremque animi illum quibusdam.', 'dolorum', 601866681, NULL, '1982-09-19 15:24:37', '1999-12-14 13:36:26');
INSERT INTO `media` (`id`, `media_type_id`, `user_id`, `body`, `filename`, `size`, `metadata`, `created_at`, `updated_at`) VALUES ('17', '2', '325', 'Ad doloribus eaque ut sit. Aut incidunt libero iusto cum et sint. Dicta et vel voluptatem neque quidem. Sed magnam eos soluta omnis.', 'aspernatur', 8286136, NULL, '2009-02-07 07:14:53', '2019-11-19 16:14:01');
INSERT INTO `media` (`id`, `media_type_id`, `user_id`, `body`, `filename`, `size`, `metadata`, `created_at`, `updated_at`) VALUES ('18', '3', '326', 'Quia quia ab doloremque dignissimos. Inventore rerum laboriosam voluptatibus nihil animi. Cumque repellendus dolor consequuntur quo.', 'molestiae', 1061, NULL, '1994-01-16 23:22:28', '1986-10-13 15:04:19');
INSERT INTO `media` (`id`, `media_type_id`, `user_id`, `body`, `filename`, `size`, `metadata`, `created_at`, `updated_at`) VALUES ('19', '4', '328', 'In voluptatem soluta ipsa maiores cum architecto quis. Voluptatibus rerum asperiores est earum. Corporis veniam ab at. Modi provident aut ab assumenda.', 'tempora', 72172776, NULL, '1972-01-05 00:12:21', '2018-06-23 00:27:50');
INSERT INTO `media` (`id`, `media_type_id`, `user_id`, `body`, `filename`, `size`, `metadata`, `created_at`, `updated_at`) VALUES ('20', '5', '329', 'Eligendi qui sit error nostrum quas. Labore unde enim dolores reprehenderit. Consequatur soluta porro omnis ut corporis magni. Nihil quibusdam repudiandae dolores deserunt dicta.', 'inventore', 72, NULL, '2011-07-01 23:31:20', '2002-08-02 23:29:12');
INSERT INTO `media` (`id`, `media_type_id`, `user_id`, `body`, `filename`, `size`, `metadata`, `created_at`, `updated_at`) VALUES ('21', '1', '333', 'Atque sequi aut et quod. Illum hic at accusantium ad et. Et excepturi sit molestiae sequi qui dicta. Numquam cum qui voluptatem quis impedit quisquam ut. Maiores voluptate repellendus ducimus.', 'error', 56, NULL, '2015-04-02 16:03:13', '2007-07-07 03:37:57');
INSERT INTO `media` (`id`, `media_type_id`, `user_id`, `body`, `filename`, `size`, `metadata`, `created_at`, `updated_at`) VALUES ('22', '2', '334', 'Eveniet quos neque eum qui et velit et. Aut ullam ducimus sit earum ut est architecto. Cupiditate ullam possimus incidunt.', 'libero', 0, NULL, '2005-11-06 12:34:09', '2005-06-13 05:13:18');
INSERT INTO `media` (`id`, `media_type_id`, `user_id`, `body`, `filename`, `size`, `metadata`, `created_at`, `updated_at`) VALUES ('23', '3', '335', 'Vero non et et quia. Qui alias sed odit ut. Velit alias soluta et dolor esse molestiae. Dolores et qui possimus.', 'aut', 757531227, NULL, '1990-09-08 05:26:23', '1996-03-07 17:39:51');
INSERT INTO `media` (`id`, `media_type_id`, `user_id`, `body`, `filename`, `size`, `metadata`, `created_at`, `updated_at`) VALUES ('24', '4', '337', 'Nemo perspiciatis quae in error repellendus maiores. Sed minus deserunt quisquam quas modi. Porro quo quibusdam voluptates sint odio. Est rerum voluptas dicta dolorem pariatur ab eaque et.', 'id', 5928, NULL, '1982-10-18 20:29:42', '1982-09-09 01:45:46');
INSERT INTO `media` (`id`, `media_type_id`, `user_id`, `body`, `filename`, `size`, `metadata`, `created_at`, `updated_at`) VALUES ('25', '5', '338', 'Ullam velit dolorem eos rerum aspernatur sint. Quia iusto odit sit eveniet. Quae et voluptates et rerum ullam. Itaque totam vel voluptatibus voluptatem reprehenderit rerum.', 'rerum', 8, NULL, '1989-07-30 03:29:31', '2002-12-08 19:25:58');
INSERT INTO `media` (`id`, `media_type_id`, `user_id`, `body`, `filename`, `size`, `metadata`, `created_at`, `updated_at`) VALUES ('26', '1', '340', 'Magnam amet ullam rerum et totam. Non doloribus laudantium voluptas laborum aliquam. Qui consequuntur quo ut tempore vero quisquam.', 'explicabo', 2998, NULL, '1989-12-17 09:07:37', '2017-03-31 16:28:00');
INSERT INTO `media` (`id`, `media_type_id`, `user_id`, `body`, `filename`, `size`, `metadata`, `created_at`, `updated_at`) VALUES ('27', '2', '341', 'Dolores qui et perferendis nobis expedita autem sed. Molestiae laboriosam non maxime aut corrupti nam. Velit fugit nulla explicabo dolorem hic. Voluptate doloribus et eos et deserunt. Eligendi excepturi ea qui.', 'voluptatibus', 2117, NULL, '2001-10-12 08:23:54', '2011-10-04 11:37:39');
INSERT INTO `media` (`id`, `media_type_id`, `user_id`, `body`, `filename`, `size`, `metadata`, `created_at`, `updated_at`) VALUES ('28', '3', '344', 'Provident corporis at quam error voluptatum voluptates voluptatem. Et odio dolorem corrupti accusamus sequi.', 'neque', 7188602, NULL, '2015-07-13 18:32:04', '1984-01-21 12:03:43');
INSERT INTO `media` (`id`, `media_type_id`, `user_id`, `body`, `filename`, `size`, `metadata`, `created_at`, `updated_at`) VALUES ('29', '4', '345', 'Quia aliquid velit fugit odit nesciunt qui. Et iure fugit atque temporibus qui. Incidunt doloremque dolorum quam voluptatibus ea fuga illum.', 'voluptas', 62023, NULL, '1988-01-17 19:48:03', '1980-08-12 20:10:20');
INSERT INTO `media` (`id`, `media_type_id`, `user_id`, `body`, `filename`, `size`, `metadata`, `created_at`, `updated_at`) VALUES ('30', '5', '349', 'In ut facere quidem harum. Sit nisi minus praesentium maxime. Saepe assumenda ut tempore vero adipisci asperiores ducimus eveniet.', 'odio', 350, NULL, '1995-11-05 18:10:11', '1975-10-17 14:14:57');
INSERT INTO `media` (`id`, `media_type_id`, `user_id`, `body`, `filename`, `size`, `metadata`, `created_at`, `updated_at`) VALUES ('31', '1', '350', 'Corporis nihil at eum praesentium. Dicta quia natus error cupiditate quo laboriosam consectetur. Rerum error neque corrupti reprehenderit sapiente facere est est.', 'veritatis', 69055, NULL, '1977-06-19 16:29:03', '1993-06-03 10:02:49');
INSERT INTO `media` (`id`, `media_type_id`, `user_id`, `body`, `filename`, `size`, `metadata`, `created_at`, `updated_at`) VALUES ('32', '2', '351', 'Perferendis aliquam dignissimos aut dolorum est. Omnis itaque iste ut delectus quo animi. Explicabo ex optio hic delectus qui autem molestiae. Dolorem et dolores nisi ipsam sed.', 'error', 17661184, NULL, '1995-07-30 13:40:55', '2010-05-17 19:35:20');
INSERT INTO `media` (`id`, `media_type_id`, `user_id`, `body`, `filename`, `size`, `metadata`, `created_at`, `updated_at`) VALUES ('33', '3', '352', 'Et voluptates voluptas labore voluptatibus. Tenetur aut itaque aut vel. Consectetur voluptas delectus saepe ducimus est ipsa aspernatur. Fugiat ut et molestias ex.', 'qui', 6290816, NULL, '1970-12-05 10:23:18', '1998-09-22 02:12:27');
INSERT INTO `media` (`id`, `media_type_id`, `user_id`, `body`, `filename`, `size`, `metadata`, `created_at`, `updated_at`) VALUES ('34', '4', '355', 'Explicabo aliquid ea est ut nulla. Ut qui officia aut minus est voluptas tempora. Consequatur explicabo cumque saepe numquam unde.', 'necessitatibus', 87784245, NULL, '2003-09-27 20:02:34', '2015-11-15 06:02:42');
INSERT INTO `media` (`id`, `media_type_id`, `user_id`, `body`, `filename`, `size`, `metadata`, `created_at`, `updated_at`) VALUES ('35', '5', '356', 'Et incidunt modi dolore occaecati non. Sed cupiditate voluptatem eaque eos. Provident pariatur tenetur magni corrupti commodi.', 'dolore', 88263585, NULL, '2013-03-29 10:52:36', '1975-09-08 11:02:52');
INSERT INTO `media` (`id`, `media_type_id`, `user_id`, `body`, `filename`, `size`, `metadata`, `created_at`, `updated_at`) VALUES ('36', '1', '358', 'Qui sed eos illo nisi quaerat repellat. Ipsum quia aspernatur quaerat pariatur earum id voluptatem. Est provident doloribus natus consequatur.', 'rerum', 0, NULL, '1985-05-07 06:10:31', '2001-09-10 14:51:52');
INSERT INTO `media` (`id`, `media_type_id`, `user_id`, `body`, `filename`, `size`, `metadata`, `created_at`, `updated_at`) VALUES ('37', '2', '360', 'Repellat consequatur minus voluptates ut provident iusto. Minus non reiciendis ut velit est et. Laborum officia dicta aut est suscipit occaecati rerum consequatur.', 'qui', 50812, NULL, '1995-11-13 17:00:29', '2006-04-16 20:04:55');
INSERT INTO `media` (`id`, `media_type_id`, `user_id`, `body`, `filename`, `size`, `metadata`, `created_at`, `updated_at`) VALUES ('38', '3', '361', 'Temporibus aut veniam labore. Tenetur provident corrupti ut eos cupiditate. Sed quia nihil eius minima fugit omnis labore.', 'dicta', 7964428, NULL, '2007-09-06 21:02:36', '1988-01-22 08:35:56');
INSERT INTO `media` (`id`, `media_type_id`, `user_id`, `body`, `filename`, `size`, `metadata`, `created_at`, `updated_at`) VALUES ('39', '4', '362', 'Minima vel repellendus sed velit amet sit. Rerum earum maxime aut non. Placeat tempore culpa aspernatur voluptatem qui culpa pariatur.', 'voluptatum', 4266, NULL, '2014-06-01 06:23:49', '1991-11-29 18:43:21');
INSERT INTO `media` (`id`, `media_type_id`, `user_id`, `body`, `filename`, `size`, `metadata`, `created_at`, `updated_at`) VALUES ('40', '5', '364', 'Atque molestiae deleniti aut cum accusantium velit facilis. Rem sunt modi autem aut. Qui ducimus adipisci id inventore accusantium non excepturi.', 'in', 35942, NULL, '1987-03-14 11:16:13', '1999-09-14 00:41:40');
INSERT INTO `media` (`id`, `media_type_id`, `user_id`, `body`, `filename`, `size`, `metadata`, `created_at`, `updated_at`) VALUES ('41', '1', '365', 'Ipsam sed voluptas sint vero veritatis. Quia ipsum nostrum magnam corporis. Et vel rerum et accusamus aspernatur maxime.', 'a', 8887, NULL, '1993-05-30 17:57:03', '2012-07-13 00:46:50');
INSERT INTO `media` (`id`, `media_type_id`, `user_id`, `body`, `filename`, `size`, `metadata`, `created_at`, `updated_at`) VALUES ('42', '2', '368', 'Atque quis id in in. Autem autem occaecati eaque molestias. Sit ex totam ducimus sit et. Et laborum maiores sit occaecati eum.', 'explicabo', 833164, NULL, '1982-10-10 04:10:41', '1999-01-31 13:23:05');
INSERT INTO `media` (`id`, `media_type_id`, `user_id`, `body`, `filename`, `size`, `metadata`, `created_at`, `updated_at`) VALUES ('43', '3', '370', 'Praesentium dolorem ea doloribus deleniti quibusdam nemo possimus non. Repellendus itaque dicta iste vero molestiae. Placeat molestiae saepe laboriosam ut consectetur non sit. Deleniti saepe molestias nemo unde enim culpa nostrum.', 'sit', 7740830, NULL, '1979-02-13 00:23:58', '2005-02-02 11:12:08');
INSERT INTO `media` (`id`, `media_type_id`, `user_id`, `body`, `filename`, `size`, `metadata`, `created_at`, `updated_at`) VALUES ('44', '4', '372', 'Odio quis perferendis dolor ullam tempora sed. Minima qui nam quia. Vel amet repudiandae itaque earum voluptates delectus ipsa.', 'eos', 5, NULL, '1990-05-16 21:39:07', '2005-08-29 12:08:54');
INSERT INTO `media` (`id`, `media_type_id`, `user_id`, `body`, `filename`, `size`, `metadata`, `created_at`, `updated_at`) VALUES ('45', '5', '374', 'Dolore in molestias pariatur est voluptatem. Magnam in dolor libero non. Voluptas est sint tempore possimus accusamus neque similique non. Illo minima voluptates adipisci quae dignissimos soluta. Et iste eum similique quia et.', 'ipsa', 0, NULL, '1988-09-08 10:19:33', '2013-04-06 12:12:25');
INSERT INTO `media` (`id`, `media_type_id`, `user_id`, `body`, `filename`, `size`, `metadata`, `created_at`, `updated_at`) VALUES ('46', '1', '377', 'Consequatur culpa aut dolorum quia repudiandae natus. Nemo vel voluptatem modi et illum occaecati sint. Modi eum reiciendis est quia molestiae optio.', 'distinctio', 74, NULL, '2014-01-04 10:01:31', '1995-06-13 20:29:02');
INSERT INTO `media` (`id`, `media_type_id`, `user_id`, `body`, `filename`, `size`, `metadata`, `created_at`, `updated_at`) VALUES ('47', '2', '378', 'Dicta qui ea aut quaerat quia fugiat. Sunt sunt sint commodi eum dolore. Et quae consequatur nesciunt voluptatum voluptas. Illo dolore delectus aut delectus beatae eum.', 'quibusdam', 4, NULL, '1976-12-06 11:29:16', '2018-03-21 05:37:12');
INSERT INTO `media` (`id`, `media_type_id`, `user_id`, `body`, `filename`, `size`, `metadata`, `created_at`, `updated_at`) VALUES ('48', '3', '380', 'Harum aut ipsam dolorum voluptatem dolores. Impedit rem dolore error eos velit omnis distinctio voluptatem. Et placeat eveniet sed id aut deserunt at. Quae ut in nulla tempora modi.', 'excepturi', 959549, NULL, '1982-03-07 02:14:36', '1995-02-09 23:51:32');
INSERT INTO `media` (`id`, `media_type_id`, `user_id`, `body`, `filename`, `size`, `metadata`, `created_at`, `updated_at`) VALUES ('49', '4', '383', 'Et accusantium qui blanditiis ipsa quam. Placeat possimus nam voluptas quos. Ut expedita dolorem facere explicabo repudiandae exercitationem.', 'occaecati', 0, NULL, '1993-05-06 21:04:50', '2007-10-25 18:07:30');
INSERT INTO `media` (`id`, `media_type_id`, `user_id`, `body`, `filename`, `size`, `metadata`, `created_at`, `updated_at`) VALUES ('50', '5', '386', 'Laudantium numquam nam minus omnis id sed et. Enim impedit distinctio dolorem aspernatur saepe. Magni quia fuga animi est quisquam minima. Quisquam doloribus eum non non magni vero. Placeat fugiat dolores ea officia.', 'omnis', 92423466, NULL, '2001-01-31 15:29:26', '1979-11-16 19:06:53');
INSERT INTO `media` (`id`, `media_type_id`, `user_id`, `body`, `filename`, `size`, `metadata`, `created_at`, `updated_at`) VALUES ('51', '1', '387', 'Corrupti quis eos adipisci. Accusamus dolores a quia error autem eaque. Sed rerum dolores voluptatem nulla et est quia.', 'eaque', 517, NULL, '1994-12-14 11:22:01', '1972-03-22 06:00:17');
INSERT INTO `media` (`id`, `media_type_id`, `user_id`, `body`, `filename`, `size`, `metadata`, `created_at`, `updated_at`) VALUES ('52', '2', '391', 'Porro mollitia explicabo illo magnam aut. Eum deleniti odit nulla a. Repudiandae et nihil dignissimos voluptatem recusandae. Possimus occaecati qui sint enim.', 'illum', 0, NULL, '2018-01-22 22:16:02', '1981-04-27 08:02:45');
INSERT INTO `media` (`id`, `media_type_id`, `user_id`, `body`, `filename`, `size`, `metadata`, `created_at`, `updated_at`) VALUES ('53', '3', '392', 'Hic nesciunt quia voluptatem qui ut. Eum voluptas adipisci maiores vero modi et perferendis.', 'consequuntur', 720730, NULL, '2017-01-30 12:32:13', '2018-06-04 09:33:40');
INSERT INTO `media` (`id`, `media_type_id`, `user_id`, `body`, `filename`, `size`, `metadata`, `created_at`, `updated_at`) VALUES ('54', '4', '393', 'Ducimus cum non sed ut repellendus commodi magnam. Accusamus qui possimus vel. Expedita explicabo fugit eos id quidem deserunt vel.', 'beatae', 48, NULL, '1981-11-23 23:23:01', '1971-02-20 11:16:20');
INSERT INTO `media` (`id`, `media_type_id`, `user_id`, `body`, `filename`, `size`, `metadata`, `created_at`, `updated_at`) VALUES ('55', '5', '394', 'Voluptatem sit cupiditate in quo quia odio. Deserunt praesentium et nihil voluptate. Numquam est sed autem possimus. Itaque labore dolorem pariatur provident nihil.', 'dolores', 795427, NULL, '1980-08-04 15:48:00', '1970-11-19 16:01:02');
INSERT INTO `media` (`id`, `media_type_id`, `user_id`, `body`, `filename`, `size`, `metadata`, `created_at`, `updated_at`) VALUES ('56', '1', '395', 'Et itaque maiores occaecati molestiae. Unde perspiciatis aut et qui ut cupiditate aut sint. Repudiandae beatae sit expedita. Magnam voluptatibus voluptatem dolor.', 'vel', 743229754, NULL, '2005-05-21 11:16:15', '2004-09-27 21:35:55');
INSERT INTO `media` (`id`, `media_type_id`, `user_id`, `body`, `filename`, `size`, `metadata`, `created_at`, `updated_at`) VALUES ('57', '2', '396', 'Voluptas eligendi occaecati deleniti harum numquam amet voluptatem. Temporibus atque nostrum porro possimus. Minus qui vero veritatis praesentium et fuga.', 'beatae', 9, NULL, '1976-07-16 07:03:10', '2009-06-16 03:23:20');
INSERT INTO `media` (`id`, `media_type_id`, `user_id`, `body`, `filename`, `size`, `metadata`, `created_at`, `updated_at`) VALUES ('58', '3', '400', 'Eveniet sapiente et harum architecto. Quo corporis assumenda alias ut sed consequatur rerum. Odio aliquid aut est nihil.', 'eum', 7, NULL, '2018-06-01 19:33:25', '1989-02-27 20:20:04');
INSERT INTO `media` (`id`, `media_type_id`, `user_id`, `body`, `filename`, `size`, `metadata`, `created_at`, `updated_at`) VALUES ('59', '4', '401', 'Et quas ipsa deleniti rem dignissimos maiores sapiente. Sit eum et et qui sapiente est. Sed quo vel voluptatem quas non et.', 'natus', 4, NULL, '1984-02-08 18:36:32', '1995-08-10 13:55:51');
INSERT INTO `media` (`id`, `media_type_id`, `user_id`, `body`, `filename`, `size`, `metadata`, `created_at`, `updated_at`) VALUES ('60', '5', '402', 'Eum nihil consequatur repellendus et quasi sequi. Recusandae fuga sed doloribus est omnis repellat explicabo. Ut repellendus provident alias architecto deleniti. Ea et voluptates sed eos et.', 'vel', 5452, NULL, '1992-12-08 06:32:21', '1994-08-16 14:05:58');
INSERT INTO `media` (`id`, `media_type_id`, `user_id`, `body`, `filename`, `size`, `metadata`, `created_at`, `updated_at`) VALUES ('61', '1', '403', 'Quidem ut id vero quidem. Exercitationem sunt quas id non consequatur aut ratione. Distinctio pariatur ipsam ut quo sint animi animi.', 'iusto', 23955, NULL, '1991-07-13 14:16:13', '2001-11-24 23:08:25');
INSERT INTO `media` (`id`, `media_type_id`, `user_id`, `body`, `filename`, `size`, `metadata`, `created_at`, `updated_at`) VALUES ('62', '2', '405', 'Aliquid cupiditate dolorem quis mollitia delectus qui. Quis explicabo esse sint alias architecto. Sint incidunt sunt quod. Delectus sint ipsam voluptas rem.', 'consequatur', 53618803, NULL, '2017-10-27 14:53:35', '1990-04-16 01:56:23');
INSERT INTO `media` (`id`, `media_type_id`, `user_id`, `body`, `filename`, `size`, `metadata`, `created_at`, `updated_at`) VALUES ('63', '3', '407', 'Molestias molestiae sint possimus rerum. Vero voluptatum facilis nesciunt recusandae et voluptatem saepe. Quibusdam saepe et reprehenderit nostrum eum modi. Quae omnis voluptas consequuntur.', 'aut', 4299, NULL, '2011-06-11 02:25:16', '1986-10-21 01:23:31');
INSERT INTO `media` (`id`, `media_type_id`, `user_id`, `body`, `filename`, `size`, `metadata`, `created_at`, `updated_at`) VALUES ('64', '4', '409', 'Soluta est nulla ducimus incidunt. Possimus sed dolores placeat amet. Animi esse ipsa exercitationem ut ipsum consequuntur.', 'adipisci', 881414, NULL, '2016-03-08 01:19:04', '1976-08-09 09:22:36');
INSERT INTO `media` (`id`, `media_type_id`, `user_id`, `body`, `filename`, `size`, `metadata`, `created_at`, `updated_at`) VALUES ('65', '5', '410', 'Dolorum numquam ipsam enim ad magnam dolores. Ut non cupiditate quo nihil. Quis nobis et ea distinctio.', 'omnis', 33, NULL, '2006-06-17 16:11:46', '2013-03-17 03:17:58');
INSERT INTO `media` (`id`, `media_type_id`, `user_id`, `body`, `filename`, `size`, `metadata`, `created_at`, `updated_at`) VALUES ('66', '1', '412', 'Nesciunt perferendis omnis exercitationem et aut in modi. Labore nihil ducimus natus illo. Nulla ea assumenda nulla debitis officiis eos. Minus sed dolores a eveniet nisi eos.', 'id', 65923198, NULL, '1993-10-18 06:02:00', '1983-01-21 18:16:58');
INSERT INTO `media` (`id`, `media_type_id`, `user_id`, `body`, `filename`, `size`, `metadata`, `created_at`, `updated_at`) VALUES ('67', '2', '413', 'Sint porro nam vel tempore molestiae tenetur dicta. Consequuntur asperiores quisquam et.', 'voluptas', 5, NULL, '1989-10-25 14:23:49', '1976-12-25 04:44:11');
INSERT INTO `media` (`id`, `media_type_id`, `user_id`, `body`, `filename`, `size`, `metadata`, `created_at`, `updated_at`) VALUES ('68', '3', '414', 'Enim inventore maxime minima minus eum sed inventore. Omnis modi error sed perspiciatis. Saepe in eveniet vel non eius.', 'perferendis', 744, NULL, '2013-07-06 17:04:09', '2009-01-29 00:10:52');
INSERT INTO `media` (`id`, `media_type_id`, `user_id`, `body`, `filename`, `size`, `metadata`, `created_at`, `updated_at`) VALUES ('69', '4', '418', 'Accusamus nemo sed voluptatibus et. Vel nemo aliquid ex magnam. Ad omnis ad assumenda quod et excepturi. Alias aut magni quo voluptatem non omnis adipisci.', 'vero', 80339, NULL, '1995-02-09 12:34:13', '2002-06-14 00:39:40');
INSERT INTO `media` (`id`, `media_type_id`, `user_id`, `body`, `filename`, `size`, `metadata`, `created_at`, `updated_at`) VALUES ('70', '5', '420', 'Tempore eos enim expedita quis labore id distinctio. Et et consectetur suscipit sequi nihil. Aliquam dolores sed est placeat. Sed blanditiis qui doloribus. Aspernatur et sint exercitationem doloremque.', 'aut', 837, NULL, '1984-10-01 15:56:54', '1998-02-26 01:28:40');
INSERT INTO `media` (`id`, `media_type_id`, `user_id`, `body`, `filename`, `size`, `metadata`, `created_at`, `updated_at`) VALUES ('71', '1', '421', 'Deleniti asperiores et numquam ipsum cumque iste assumenda. Adipisci nemo nobis pariatur deserunt sed dolores culpa. Ea illum perspiciatis dolores. Ut voluptas id minus repellendus dolores.', 'eum', 6, NULL, '1978-08-12 21:32:02', '2002-12-28 09:05:52');
INSERT INTO `media` (`id`, `media_type_id`, `user_id`, `body`, `filename`, `size`, `metadata`, `created_at`, `updated_at`) VALUES ('72', '2', '422', 'Rerum quas aut doloremque reiciendis. Quia sit porro rerum voluptate voluptatibus ducimus qui. Dolor hic quas sapiente est commodi. Ea doloribus maxime mollitia voluptatum.', 'delectus', 98, NULL, '1984-09-18 21:03:37', '1999-01-31 23:50:24');
INSERT INTO `media` (`id`, `media_type_id`, `user_id`, `body`, `filename`, `size`, `metadata`, `created_at`, `updated_at`) VALUES ('73', '3', '423', 'Qui cumque labore assumenda inventore ut. Ut voluptatem labore non exercitationem deleniti aut. Debitis saepe quam dolores illum quia omnis porro. Explicabo iure saepe asperiores. Eveniet id cumque beatae et dignissimos nisi qui.', 'consequatur', 384839477, NULL, '1996-11-20 16:05:41', '2003-02-13 16:44:13');
INSERT INTO `media` (`id`, `media_type_id`, `user_id`, `body`, `filename`, `size`, `metadata`, `created_at`, `updated_at`) VALUES ('74', '4', '425', 'Atque perferendis in aperiam dignissimos possimus aut quos. Veritatis qui asperiores saepe perferendis aliquam dicta vero. Consequatur magnam assumenda vitae facere.', 'velit', 407086527, NULL, '1972-01-12 15:19:33', '1991-08-20 01:05:23');
INSERT INTO `media` (`id`, `media_type_id`, `user_id`, `body`, `filename`, `size`, `metadata`, `created_at`, `updated_at`) VALUES ('75', '5', '426', 'Amet consequuntur iure sequi sunt quia dolores. Sed vel similique et perspiciatis sit molestiae. Et non hic cum voluptatibus.', 'omnis', 36, NULL, '2004-07-08 14:02:45', '2006-01-27 16:24:53');
INSERT INTO `media` (`id`, `media_type_id`, `user_id`, `body`, `filename`, `size`, `metadata`, `created_at`, `updated_at`) VALUES ('76', '1', '430', 'Aliquam ullam impedit eos fugiat. Voluptatem iusto ad cum ut quod. Qui impedit odio maiores possimus pariatur. Aut placeat a possimus velit eaque.', 'commodi', 27938342, NULL, '2014-08-28 03:26:23', '2016-01-22 10:35:26');
INSERT INTO `media` (`id`, `media_type_id`, `user_id`, `body`, `filename`, `size`, `metadata`, `created_at`, `updated_at`) VALUES ('77', '2', '431', 'Nemo debitis soluta velit. Sed at quisquam suscipit illum. Harum itaque dolor officia magnam molestiae quae totam tempore. Delectus voluptatem magnam repellat error ut voluptatem veniam. Quasi nisi nam placeat hic.', 'rerum', 0, NULL, '2019-08-18 05:58:45', '2005-05-08 00:42:13');
INSERT INTO `media` (`id`, `media_type_id`, `user_id`, `body`, `filename`, `size`, `metadata`, `created_at`, `updated_at`) VALUES ('78', '3', '437', 'Veniam omnis deleniti id dolorem. Iure quisquam ea ea id asperiores culpa ea et. Vel qui provident reprehenderit velit quia id a.', 'sed', 88233, NULL, '2016-01-25 20:51:21', '1985-02-23 12:14:34');
INSERT INTO `media` (`id`, `media_type_id`, `user_id`, `body`, `filename`, `size`, `metadata`, `created_at`, `updated_at`) VALUES ('79', '4', '439', 'Eos id praesentium sint aut accusantium voluptate eos et. Voluptas sed sed ut dignissimos. Minima neque distinctio voluptas ipsam deleniti ut. Neque porro velit dolorum vel placeat.', 'et', 98518, NULL, '1976-10-20 01:01:10', '1985-10-23 03:48:35');
INSERT INTO `media` (`id`, `media_type_id`, `user_id`, `body`, `filename`, `size`, `metadata`, `created_at`, `updated_at`) VALUES ('80', '5', '440', 'Perferendis adipisci nobis beatae. Est earum omnis et itaque. Nam itaque dolor ullam quis.', 'praesentium', 4, NULL, '1979-02-17 20:44:26', '2005-02-09 22:50:34');
INSERT INTO `media` (`id`, `media_type_id`, `user_id`, `body`, `filename`, `size`, `metadata`, `created_at`, `updated_at`) VALUES ('81', '1', '441', 'Repellat magni dolorem eius aut repudiandae maxime sunt nostrum. Laborum laudantium autem provident mollitia recusandae. Sit sapiente accusamus vel deleniti. Beatae nihil enim ut.', 'ducimus', 723622456, NULL, '1971-06-09 21:45:21', '1982-07-27 02:58:42');
INSERT INTO `media` (`id`, `media_type_id`, `user_id`, `body`, `filename`, `size`, `metadata`, `created_at`, `updated_at`) VALUES ('82', '2', '442', 'Exercitationem reiciendis consequatur nihil ullam itaque. Quia voluptatem facilis dolorum quis. Dolore accusamus voluptatem consequatur quia modi tempore.', 'deleniti', 7588, NULL, '2011-09-26 22:41:39', '1976-03-27 16:18:30');
INSERT INTO `media` (`id`, `media_type_id`, `user_id`, `body`, `filename`, `size`, `metadata`, `created_at`, `updated_at`) VALUES ('83', '3', '446', 'Exercitationem ex deleniti autem hic. Tempore et repudiandae id a.', 'consequatur', 77450, NULL, '2014-08-08 02:07:51', '1980-11-10 02:59:14');
INSERT INTO `media` (`id`, `media_type_id`, `user_id`, `body`, `filename`, `size`, `metadata`, `created_at`, `updated_at`) VALUES ('84', '4', '447', 'Est quae dicta quos explicabo et corporis. Eum impedit rerum debitis. Voluptates aut soluta velit quia incidunt omnis et. Nisi qui quaerat officiis.', 'modi', 0, NULL, '1988-10-24 23:59:49', '1981-01-07 17:04:24');
INSERT INTO `media` (`id`, `media_type_id`, `user_id`, `body`, `filename`, `size`, `metadata`, `created_at`, `updated_at`) VALUES ('85', '5', '448', 'Maiores eos ut sequi et facere perspiciatis. Ducimus nostrum enim labore a consequatur exercitationem. Quas ipsum molestias reprehenderit recusandae. Ea in neque earum cupiditate quia.', 'dolorem', 160726847, NULL, '1990-02-22 20:53:47', '2007-01-26 05:53:03');
INSERT INTO `media` (`id`, `media_type_id`, `user_id`, `body`, `filename`, `size`, `metadata`, `created_at`, `updated_at`) VALUES ('86', '1', '450', 'Tempore sit itaque nostrum. Voluptas veniam distinctio repudiandae et sunt id. Consequatur quaerat id sint ex. Beatae facilis iure ipsa fugiat voluptas natus sint est.', 'eveniet', 444300304, NULL, '2011-10-30 01:35:17', '2011-02-13 03:19:03');
INSERT INTO `media` (`id`, `media_type_id`, `user_id`, `body`, `filename`, `size`, `metadata`, `created_at`, `updated_at`) VALUES ('87', '2', '451', 'Molestiae rerum culpa aut aut ullam eos. Facilis nihil repellendus rerum aut. Voluptas et et tempora perspiciatis laboriosam quis error.', 'voluptatem', 47992836, NULL, '1995-09-18 17:42:05', '2012-09-05 07:14:42');
INSERT INTO `media` (`id`, `media_type_id`, `user_id`, `body`, `filename`, `size`, `metadata`, `created_at`, `updated_at`) VALUES ('88', '3', '452', 'Sapiente sunt provident aliquid fuga incidunt voluptatibus ipsa. Repellat voluptates eius eum voluptate hic impedit sequi. Tenetur quia nulla natus est.', 'earum', 1557671, NULL, '2015-02-20 09:41:52', '1990-11-27 18:38:27');
INSERT INTO `media` (`id`, `media_type_id`, `user_id`, `body`, `filename`, `size`, `metadata`, `created_at`, `updated_at`) VALUES ('89', '4', '456', 'Enim eos quasi aspernatur aperiam consequatur qui reiciendis. Veniam dolores quo animi dolores maiores. Recusandae deserunt sunt voluptatibus. Voluptatem explicabo vel expedita vero ratione ex.', 'provident', 0, NULL, '1978-06-01 15:45:05', '1972-04-17 06:44:43');
INSERT INTO `media` (`id`, `media_type_id`, `user_id`, `body`, `filename`, `size`, `metadata`, `created_at`, `updated_at`) VALUES ('90', '5', '457', 'Perspiciatis laudantium odio eos fugiat sunt debitis rem repellat. Voluptatem sit nihil rem placeat. Eos quisquam earum magni commodi.', 'ut', 8734, NULL, '1970-10-07 20:37:53', '2010-03-19 05:21:24');
INSERT INTO `media` (`id`, `media_type_id`, `user_id`, `body`, `filename`, `size`, `metadata`, `created_at`, `updated_at`) VALUES ('91', '1', '458', 'Porro quo molestias voluptatem voluptatem consequatur facilis iste rem. Officia et porro magni quaerat. Aut sit id iste sint reiciendis nostrum.', 'autem', 8, NULL, '1977-03-23 05:41:12', '2003-01-31 19:19:21');
INSERT INTO `media` (`id`, `media_type_id`, `user_id`, `body`, `filename`, `size`, `metadata`, `created_at`, `updated_at`) VALUES ('92', '2', '459', 'Facere animi fuga praesentium quis impedit quia. Ratione voluptatem officia pariatur qui.', 'aut', 857781661, NULL, '1979-12-11 07:01:09', '1988-07-21 02:54:34');
INSERT INTO `media` (`id`, `media_type_id`, `user_id`, `body`, `filename`, `size`, `metadata`, `created_at`, `updated_at`) VALUES ('93', '3', '460', 'Et tempora ipsam aut tempore officiis odio. Quia est maiores unde possimus rerum. Quia voluptas sed et placeat fugit.', 'hic', 76079214, NULL, '2015-04-16 23:53:19', '2008-10-11 05:17:54');
INSERT INTO `media` (`id`, `media_type_id`, `user_id`, `body`, `filename`, `size`, `metadata`, `created_at`, `updated_at`) VALUES ('94', '4', '461', 'Quia commodi quia voluptas est aperiam. Ea rerum tempora corrupti rerum hic. Provident maxime repellat enim et. Aut necessitatibus modi voluptatem adipisci.', 'fugiat', 3451047, NULL, '2014-08-30 20:54:20', '2014-04-21 07:13:44');
INSERT INTO `media` (`id`, `media_type_id`, `user_id`, `body`, `filename`, `size`, `metadata`, `created_at`, `updated_at`) VALUES ('95', '5', '463', 'Eos ut aut repudiandae tenetur eos facere dolor. Tenetur sit sapiente vel quos sunt voluptatem.', 'saepe', 9008088, NULL, '1996-03-08 07:22:22', '2011-10-15 05:44:54');
INSERT INTO `media` (`id`, `media_type_id`, `user_id`, `body`, `filename`, `size`, `metadata`, `created_at`, `updated_at`) VALUES ('96', '1', '464', 'Et non voluptatem perferendis molestias aut aut nisi. Aperiam et itaque ut ut. Culpa sequi aut nobis deserunt deserunt aliquid.', 'quia', 4496, NULL, '1996-12-27 17:31:01', '1986-09-06 07:00:41');
INSERT INTO `media` (`id`, `media_type_id`, `user_id`, `body`, `filename`, `size`, `metadata`, `created_at`, `updated_at`) VALUES ('97', '2', '466', 'Sit nihil et perspiciatis ea aut ipsum. Est doloremque est natus dicta ad quidem. Qui voluptatem consequatur minima enim architecto. Vitae corporis tempore rem consequuntur in rem.', 'quos', 89059, NULL, '1976-07-03 22:43:49', '1990-07-30 01:55:56');
INSERT INTO `media` (`id`, `media_type_id`, `user_id`, `body`, `filename`, `size`, `metadata`, `created_at`, `updated_at`) VALUES ('98', '3', '467', 'Qui veritatis aperiam esse sapiente doloribus. Ratione sed officiis harum aspernatur eos. Rerum voluptas eos et.', 'itaque', 241124206, NULL, '2014-05-21 10:23:07', '1976-12-26 14:27:16');
INSERT INTO `media` (`id`, `media_type_id`, `user_id`, `body`, `filename`, `size`, `metadata`, `created_at`, `updated_at`) VALUES ('99', '4', '468', 'Numquam sit alias ipsum. Qui voluptatem natus reprehenderit rerum occaecati exercitationem quidem. Itaque numquam in nostrum incidunt. Repellat error reprehenderit eaque necessitatibus sapiente.', 'est', 810, NULL, '1995-09-26 09:13:16', '1986-07-28 21:27:45');
INSERT INTO `media` (`id`, `media_type_id`, `user_id`, `body`, `filename`, `size`, `metadata`, `created_at`, `updated_at`) VALUES ('100', '5', '469', 'Recusandae consequatur repellat culpa voluptatem ea tempore. Laudantium cumque omnis non eum occaecati vero. Itaque voluptatem occaecati voluptas. Et praesentium maxime ducimus praesentium.', 'in', 73370072, NULL, '2010-12-20 08:08:56', '2007-01-31 07:27:44');



#
# TABLE STRUCTURE FOR: clips
#

DROP TABLE IF EXISTS `clips`;

CREATE TABLE `clips` (
  `id` bigint(20) unsigned NOT NULL AUTO_INCREMENT,
  `media_id` bigint(20) unsigned NOT NULL,
  PRIMARY KEY (`id`),
  KEY `media_id` (`media_id`),
  CONSTRAINT `clips_ibfk_1` FOREIGN KEY (`media_id`) REFERENCES `media` (`id`) ON DELETE CASCADE ON UPDATE CASCADE
) ENGINE=InnoDB AUTO_INCREMENT=101 DEFAULT CHARSET=utf8mb4 COLLATE=utf8mb4_unicode_ci;

INSERT INTO `clips` (`id`, `media_id`) VALUES ('1', '1');
INSERT INTO `clips` (`id`, `media_id`) VALUES ('2', '2');
INSERT INTO `clips` (`id`, `media_id`) VALUES ('3', '3');
INSERT INTO `clips` (`id`, `media_id`) VALUES ('4', '4');
INSERT INTO `clips` (`id`, `media_id`) VALUES ('5', '5');
INSERT INTO `clips` (`id`, `media_id`) VALUES ('6', '6');
INSERT INTO `clips` (`id`, `media_id`) VALUES ('7', '7');
INSERT INTO `clips` (`id`, `media_id`) VALUES ('8', '8');
INSERT INTO `clips` (`id`, `media_id`) VALUES ('9', '9');
INSERT INTO `clips` (`id`, `media_id`) VALUES ('10', '10');
INSERT INTO `clips` (`id`, `media_id`) VALUES ('11', '11');
INSERT INTO `clips` (`id`, `media_id`) VALUES ('12', '12');
INSERT INTO `clips` (`id`, `media_id`) VALUES ('13', '13');
INSERT INTO `clips` (`id`, `media_id`) VALUES ('14', '14');
INSERT INTO `clips` (`id`, `media_id`) VALUES ('15', '15');
INSERT INTO `clips` (`id`, `media_id`) VALUES ('16', '16');
INSERT INTO `clips` (`id`, `media_id`) VALUES ('17', '17');
INSERT INTO `clips` (`id`, `media_id`) VALUES ('18', '18');
INSERT INTO `clips` (`id`, `media_id`) VALUES ('19', '19');
INSERT INTO `clips` (`id`, `media_id`) VALUES ('20', '20');
INSERT INTO `clips` (`id`, `media_id`) VALUES ('21', '21');
INSERT INTO `clips` (`id`, `media_id`) VALUES ('22', '22');
INSERT INTO `clips` (`id`, `media_id`) VALUES ('23', '23');
INSERT INTO `clips` (`id`, `media_id`) VALUES ('24', '24');
INSERT INTO `clips` (`id`, `media_id`) VALUES ('25', '25');
INSERT INTO `clips` (`id`, `media_id`) VALUES ('26', '26');
INSERT INTO `clips` (`id`, `media_id`) VALUES ('27', '27');
INSERT INTO `clips` (`id`, `media_id`) VALUES ('28', '28');
INSERT INTO `clips` (`id`, `media_id`) VALUES ('29', '29');
INSERT INTO `clips` (`id`, `media_id`) VALUES ('30', '30');
INSERT INTO `clips` (`id`, `media_id`) VALUES ('31', '31');
INSERT INTO `clips` (`id`, `media_id`) VALUES ('32', '32');
INSERT INTO `clips` (`id`, `media_id`) VALUES ('33', '33');
INSERT INTO `clips` (`id`, `media_id`) VALUES ('34', '34');
INSERT INTO `clips` (`id`, `media_id`) VALUES ('35', '35');
INSERT INTO `clips` (`id`, `media_id`) VALUES ('36', '36');
INSERT INTO `clips` (`id`, `media_id`) VALUES ('37', '37');
INSERT INTO `clips` (`id`, `media_id`) VALUES ('38', '38');
INSERT INTO `clips` (`id`, `media_id`) VALUES ('39', '39');
INSERT INTO `clips` (`id`, `media_id`) VALUES ('40', '40');
INSERT INTO `clips` (`id`, `media_id`) VALUES ('41', '41');
INSERT INTO `clips` (`id`, `media_id`) VALUES ('42', '42');
INSERT INTO `clips` (`id`, `media_id`) VALUES ('43', '43');
INSERT INTO `clips` (`id`, `media_id`) VALUES ('44', '44');
INSERT INTO `clips` (`id`, `media_id`) VALUES ('45', '45');
INSERT INTO `clips` (`id`, `media_id`) VALUES ('46', '46');
INSERT INTO `clips` (`id`, `media_id`) VALUES ('47', '47');
INSERT INTO `clips` (`id`, `media_id`) VALUES ('48', '48');
INSERT INTO `clips` (`id`, `media_id`) VALUES ('49', '49');
INSERT INTO `clips` (`id`, `media_id`) VALUES ('50', '50');
INSERT INTO `clips` (`id`, `media_id`) VALUES ('51', '51');
INSERT INTO `clips` (`id`, `media_id`) VALUES ('52', '52');
INSERT INTO `clips` (`id`, `media_id`) VALUES ('53', '53');
INSERT INTO `clips` (`id`, `media_id`) VALUES ('54', '54');
INSERT INTO `clips` (`id`, `media_id`) VALUES ('55', '55');
INSERT INTO `clips` (`id`, `media_id`) VALUES ('56', '56');
INSERT INTO `clips` (`id`, `media_id`) VALUES ('57', '57');
INSERT INTO `clips` (`id`, `media_id`) VALUES ('58', '58');
INSERT INTO `clips` (`id`, `media_id`) VALUES ('59', '59');
INSERT INTO `clips` (`id`, `media_id`) VALUES ('60', '60');
INSERT INTO `clips` (`id`, `media_id`) VALUES ('61', '61');
INSERT INTO `clips` (`id`, `media_id`) VALUES ('62', '62');
INSERT INTO `clips` (`id`, `media_id`) VALUES ('63', '63');
INSERT INTO `clips` (`id`, `media_id`) VALUES ('64', '64');
INSERT INTO `clips` (`id`, `media_id`) VALUES ('65', '65');
INSERT INTO `clips` (`id`, `media_id`) VALUES ('66', '66');
INSERT INTO `clips` (`id`, `media_id`) VALUES ('67', '67');
INSERT INTO `clips` (`id`, `media_id`) VALUES ('68', '68');
INSERT INTO `clips` (`id`, `media_id`) VALUES ('69', '69');
INSERT INTO `clips` (`id`, `media_id`) VALUES ('70', '70');
INSERT INTO `clips` (`id`, `media_id`) VALUES ('71', '71');
INSERT INTO `clips` (`id`, `media_id`) VALUES ('72', '72');
INSERT INTO `clips` (`id`, `media_id`) VALUES ('73', '73');
INSERT INTO `clips` (`id`, `media_id`) VALUES ('74', '74');
INSERT INTO `clips` (`id`, `media_id`) VALUES ('75', '75');
INSERT INTO `clips` (`id`, `media_id`) VALUES ('76', '76');
INSERT INTO `clips` (`id`, `media_id`) VALUES ('77', '77');
INSERT INTO `clips` (`id`, `media_id`) VALUES ('78', '78');
INSERT INTO `clips` (`id`, `media_id`) VALUES ('79', '79');
INSERT INTO `clips` (`id`, `media_id`) VALUES ('80', '80');
INSERT INTO `clips` (`id`, `media_id`) VALUES ('81', '81');
INSERT INTO `clips` (`id`, `media_id`) VALUES ('82', '82');
INSERT INTO `clips` (`id`, `media_id`) VALUES ('83', '83');
INSERT INTO `clips` (`id`, `media_id`) VALUES ('84', '84');
INSERT INTO `clips` (`id`, `media_id`) VALUES ('85', '85');
INSERT INTO `clips` (`id`, `media_id`) VALUES ('86', '86');
INSERT INTO `clips` (`id`, `media_id`) VALUES ('87', '87');
INSERT INTO `clips` (`id`, `media_id`) VALUES ('88', '88');
INSERT INTO `clips` (`id`, `media_id`) VALUES ('89', '89');
INSERT INTO `clips` (`id`, `media_id`) VALUES ('90', '90');
INSERT INTO `clips` (`id`, `media_id`) VALUES ('91', '91');
INSERT INTO `clips` (`id`, `media_id`) VALUES ('92', '92');
INSERT INTO `clips` (`id`, `media_id`) VALUES ('93', '93');
INSERT INTO `clips` (`id`, `media_id`) VALUES ('94', '94');
INSERT INTO `clips` (`id`, `media_id`) VALUES ('95', '95');
INSERT INTO `clips` (`id`, `media_id`) VALUES ('96', '96');
INSERT INTO `clips` (`id`, `media_id`) VALUES ('97', '97');
INSERT INTO `clips` (`id`, `media_id`) VALUES ('98', '98');
INSERT INTO `clips` (`id`, `media_id`) VALUES ('99', '99');
INSERT INTO `clips` (`id`, `media_id`) VALUES ('100', '100');


#
# TABLE STRUCTURE FOR: communities
#

DROP TABLE IF EXISTS `communities`;

CREATE TABLE `communities` (
  `id` bigint(20) unsigned NOT NULL AUTO_INCREMENT,
  `name` varchar(150) COLLATE utf8mb4_unicode_ci DEFAULT NULL,
  `admin_user_id` bigint(20) unsigned NOT NULL,
  UNIQUE KEY `id` (`id`),
  KEY `communities_name_idx` (`name`),
  KEY `admin_user_id` (`admin_user_id`),
  CONSTRAINT `communities_ibfk_1` FOREIGN KEY (`admin_user_id`) REFERENCES `users` (`id`)
) ENGINE=InnoDB AUTO_INCREMENT=101 DEFAULT CHARSET=utf8mb4 COLLATE=utf8mb4_unicode_ci;

INSERT INTO `communities` (`id`, `name`, `admin_user_id`) VALUES ('1', 'libero', '301');
INSERT INTO `communities` (`id`, `name`, `admin_user_id`) VALUES ('2', 'sunt', '302');
INSERT INTO `communities` (`id`, `name`, `admin_user_id`) VALUES ('3', 'qui', '303');
INSERT INTO `communities` (`id`, `name`, `admin_user_id`) VALUES ('4', 'corrupti', '304');
INSERT INTO `communities` (`id`, `name`, `admin_user_id`) VALUES ('5', 'voluptatem', '305');
INSERT INTO `communities` (`id`, `name`, `admin_user_id`) VALUES ('6', 'aut', '308');
INSERT INTO `communities` (`id`, `name`, `admin_user_id`) VALUES ('7', 'atque', '310');
INSERT INTO `communities` (`id`, `name`, `admin_user_id`) VALUES ('8', 'sit', '311');
INSERT INTO `communities` (`id`, `name`, `admin_user_id`) VALUES ('9', 'temporibus', '312');
INSERT INTO `communities` (`id`, `name`, `admin_user_id`) VALUES ('10', 'est', '313');
INSERT INTO `communities` (`id`, `name`, `admin_user_id`) VALUES ('11', 'ut', '315');
INSERT INTO `communities` (`id`, `name`, `admin_user_id`) VALUES ('12', 'voluptas', '316');
INSERT INTO `communities` (`id`, `name`, `admin_user_id`) VALUES ('13', 'non', '320');
INSERT INTO `communities` (`id`, `name`, `admin_user_id`) VALUES ('14', 'culpa', '321');
INSERT INTO `communities` (`id`, `name`, `admin_user_id`) VALUES ('15', 'autem', '323');
INSERT INTO `communities` (`id`, `name`, `admin_user_id`) VALUES ('16', 'recusandae', '324');
INSERT INTO `communities` (`id`, `name`, `admin_user_id`) VALUES ('17', 'expedita', '325');
INSERT INTO `communities` (`id`, `name`, `admin_user_id`) VALUES ('18', 'exercitationem', '326');
INSERT INTO `communities` (`id`, `name`, `admin_user_id`) VALUES ('19', 'sit', '328');
INSERT INTO `communities` (`id`, `name`, `admin_user_id`) VALUES ('20', 'voluptatem', '329');
INSERT INTO `communities` (`id`, `name`, `admin_user_id`) VALUES ('21', 'aut', '333');
INSERT INTO `communities` (`id`, `name`, `admin_user_id`) VALUES ('22', 'sapiente', '334');
INSERT INTO `communities` (`id`, `name`, `admin_user_id`) VALUES ('23', 'dolorum', '335');
INSERT INTO `communities` (`id`, `name`, `admin_user_id`) VALUES ('24', 'eligendi', '337');
INSERT INTO `communities` (`id`, `name`, `admin_user_id`) VALUES ('25', 'officiis', '338');
INSERT INTO `communities` (`id`, `name`, `admin_user_id`) VALUES ('26', 'ut', '340');
INSERT INTO `communities` (`id`, `name`, `admin_user_id`) VALUES ('27', 'qui', '341');
INSERT INTO `communities` (`id`, `name`, `admin_user_id`) VALUES ('28', 'sit', '344');
INSERT INTO `communities` (`id`, `name`, `admin_user_id`) VALUES ('29', 'quas', '345');
INSERT INTO `communities` (`id`, `name`, `admin_user_id`) VALUES ('30', 'temporibus', '349');
INSERT INTO `communities` (`id`, `name`, `admin_user_id`) VALUES ('31', 'asperiores', '350');
INSERT INTO `communities` (`id`, `name`, `admin_user_id`) VALUES ('32', 'temporibus', '351');
INSERT INTO `communities` (`id`, `name`, `admin_user_id`) VALUES ('33', 'vel', '352');
INSERT INTO `communities` (`id`, `name`, `admin_user_id`) VALUES ('34', 'omnis', '355');
INSERT INTO `communities` (`id`, `name`, `admin_user_id`) VALUES ('35', 'voluptates', '356');
INSERT INTO `communities` (`id`, `name`, `admin_user_id`) VALUES ('36', 'sit', '358');
INSERT INTO `communities` (`id`, `name`, `admin_user_id`) VALUES ('37', 'consequatur', '360');
INSERT INTO `communities` (`id`, `name`, `admin_user_id`) VALUES ('38', 'neque', '361');
INSERT INTO `communities` (`id`, `name`, `admin_user_id`) VALUES ('39', 'vel', '362');
INSERT INTO `communities` (`id`, `name`, `admin_user_id`) VALUES ('40', 'veritatis', '364');
INSERT INTO `communities` (`id`, `name`, `admin_user_id`) VALUES ('41', 'repudiandae', '365');
INSERT INTO `communities` (`id`, `name`, `admin_user_id`) VALUES ('42', 'officia', '368');
INSERT INTO `communities` (`id`, `name`, `admin_user_id`) VALUES ('43', 'rerum', '370');
INSERT INTO `communities` (`id`, `name`, `admin_user_id`) VALUES ('44', 'maiores', '372');
INSERT INTO `communities` (`id`, `name`, `admin_user_id`) VALUES ('45', 'velit', '374');
INSERT INTO `communities` (`id`, `name`, `admin_user_id`) VALUES ('46', 'nihil', '377');
INSERT INTO `communities` (`id`, `name`, `admin_user_id`) VALUES ('47', 'est', '378');
INSERT INTO `communities` (`id`, `name`, `admin_user_id`) VALUES ('48', 'ut', '380');
INSERT INTO `communities` (`id`, `name`, `admin_user_id`) VALUES ('49', 'saepe', '383');
INSERT INTO `communities` (`id`, `name`, `admin_user_id`) VALUES ('50', 'itaque', '386');
INSERT INTO `communities` (`id`, `name`, `admin_user_id`) VALUES ('51', 'iure', '387');
INSERT INTO `communities` (`id`, `name`, `admin_user_id`) VALUES ('52', 'quas', '391');
INSERT INTO `communities` (`id`, `name`, `admin_user_id`) VALUES ('53', 'corporis', '392');
INSERT INTO `communities` (`id`, `name`, `admin_user_id`) VALUES ('54', 'quas', '393');
INSERT INTO `communities` (`id`, `name`, `admin_user_id`) VALUES ('55', 'iste', '394');
INSERT INTO `communities` (`id`, `name`, `admin_user_id`) VALUES ('56', 'et', '395');
INSERT INTO `communities` (`id`, `name`, `admin_user_id`) VALUES ('57', 'illum', '396');
INSERT INTO `communities` (`id`, `name`, `admin_user_id`) VALUES ('58', 'quia', '400');
INSERT INTO `communities` (`id`, `name`, `admin_user_id`) VALUES ('59', 'ea', '401');
INSERT INTO `communities` (`id`, `name`, `admin_user_id`) VALUES ('60', 'odit', '402');
INSERT INTO `communities` (`id`, `name`, `admin_user_id`) VALUES ('61', 'dolorem', '403');
INSERT INTO `communities` (`id`, `name`, `admin_user_id`) VALUES ('62', 'accusamus', '405');
INSERT INTO `communities` (`id`, `name`, `admin_user_id`) VALUES ('63', 'ut', '407');
INSERT INTO `communities` (`id`, `name`, `admin_user_id`) VALUES ('64', 'est', '409');
INSERT INTO `communities` (`id`, `name`, `admin_user_id`) VALUES ('65', 'at', '410');
INSERT INTO `communities` (`id`, `name`, `admin_user_id`) VALUES ('66', 'quo', '412');
INSERT INTO `communities` (`id`, `name`, `admin_user_id`) VALUES ('67', 'rerum', '413');
INSERT INTO `communities` (`id`, `name`, `admin_user_id`) VALUES ('68', 'sint', '414');
INSERT INTO `communities` (`id`, `name`, `admin_user_id`) VALUES ('69', 'ipsa', '418');
INSERT INTO `communities` (`id`, `name`, `admin_user_id`) VALUES ('70', 'consequuntur', '420');
INSERT INTO `communities` (`id`, `name`, `admin_user_id`) VALUES ('71', 'est', '421');
INSERT INTO `communities` (`id`, `name`, `admin_user_id`) VALUES ('72', 'officia', '422');
INSERT INTO `communities` (`id`, `name`, `admin_user_id`) VALUES ('73', 'voluptatem', '423');
INSERT INTO `communities` (`id`, `name`, `admin_user_id`) VALUES ('74', 'sequi', '425');
INSERT INTO `communities` (`id`, `name`, `admin_user_id`) VALUES ('75', 'in', '426');
INSERT INTO `communities` (`id`, `name`, `admin_user_id`) VALUES ('76', 'suscipit', '430');
INSERT INTO `communities` (`id`, `name`, `admin_user_id`) VALUES ('77', 'accusantium', '431');
INSERT INTO `communities` (`id`, `name`, `admin_user_id`) VALUES ('78', 'ab', '437');
INSERT INTO `communities` (`id`, `name`, `admin_user_id`) VALUES ('79', 'quia', '439');
INSERT INTO `communities` (`id`, `name`, `admin_user_id`) VALUES ('80', 'sed', '440');
INSERT INTO `communities` (`id`, `name`, `admin_user_id`) VALUES ('81', 'hic', '441');
INSERT INTO `communities` (`id`, `name`, `admin_user_id`) VALUES ('82', 'nisi', '442');
INSERT INTO `communities` (`id`, `name`, `admin_user_id`) VALUES ('83', 'eveniet', '446');
INSERT INTO `communities` (`id`, `name`, `admin_user_id`) VALUES ('84', 'natus', '447');
INSERT INTO `communities` (`id`, `name`, `admin_user_id`) VALUES ('85', 'dolorem', '448');
INSERT INTO `communities` (`id`, `name`, `admin_user_id`) VALUES ('86', 'aliquid', '450');
INSERT INTO `communities` (`id`, `name`, `admin_user_id`) VALUES ('87', 'voluptatem', '451');
INSERT INTO `communities` (`id`, `name`, `admin_user_id`) VALUES ('88', 'nam', '452');
INSERT INTO `communities` (`id`, `name`, `admin_user_id`) VALUES ('89', 'dicta', '456');
INSERT INTO `communities` (`id`, `name`, `admin_user_id`) VALUES ('90', 'aut', '457');
INSERT INTO `communities` (`id`, `name`, `admin_user_id`) VALUES ('91', 'minima', '458');
INSERT INTO `communities` (`id`, `name`, `admin_user_id`) VALUES ('92', 'vitae', '459');
INSERT INTO `communities` (`id`, `name`, `admin_user_id`) VALUES ('93', 'modi', '460');
INSERT INTO `communities` (`id`, `name`, `admin_user_id`) VALUES ('94', 'qui', '461');
INSERT INTO `communities` (`id`, `name`, `admin_user_id`) VALUES ('95', 'molestiae', '463');
INSERT INTO `communities` (`id`, `name`, `admin_user_id`) VALUES ('96', 'eius', '464');
INSERT INTO `communities` (`id`, `name`, `admin_user_id`) VALUES ('97', 'numquam', '466');
INSERT INTO `communities` (`id`, `name`, `admin_user_id`) VALUES ('98', 'itaque', '467');
INSERT INTO `communities` (`id`, `name`, `admin_user_id`) VALUES ('99', 'sunt', '468');
INSERT INTO `communities` (`id`, `name`, `admin_user_id`) VALUES ('100', 'qui', '469');


#
# TABLE STRUCTURE FOR: friend_requests
#

DROP TABLE IF EXISTS `friend_requests`;

CREATE TABLE `friend_requests` (
  `initiator_user_id` bigint(20) unsigned NOT NULL,
  `target_user_id` bigint(20) unsigned NOT NULL,
  `status` enum('requested','approved','declined','unfriended') COLLATE utf8mb4_unicode_ci DEFAULT NULL,
  `requested_at` datetime DEFAULT current_timestamp(),
  `updated_at` datetime DEFAULT NULL ON UPDATE current_timestamp(),
  PRIMARY KEY (`initiator_user_id`,`target_user_id`),
  KEY `target_user_id` (`target_user_id`),
  CONSTRAINT `friend_requests_ibfk_1` FOREIGN KEY (`initiator_user_id`) REFERENCES `users` (`id`),
  CONSTRAINT `friend_requests_ibfk_2` FOREIGN KEY (`target_user_id`) REFERENCES `users` (`id`),
  CONSTRAINT `CONSTRAINT_1` CHECK (`initiator_user_id` <> `target_user_id`)
) ENGINE=InnoDB DEFAULT CHARSET=utf8mb4 COLLATE=utf8mb4_unicode_ci;

INSERT INTO `friend_requests` (`initiator_user_id`, `target_user_id`, `status`, `requested_at`, `updated_at`) VALUES ('301', '302', 'approved', '1970-08-21 06:40:37', '2003-12-29 23:20:55');
INSERT INTO `friend_requests` (`initiator_user_id`, `target_user_id`, `status`, `requested_at`, `updated_at`) VALUES ('301', '304', 'approved', '2015-02-07 01:53:07', '2015-09-14 16:17:12');
INSERT INTO `friend_requests` (`initiator_user_id`, `target_user_id`, `status`, `requested_at`, `updated_at`) VALUES ('302', '392', 'approved', '1983-04-08 15:57:26', '1976-12-28 23:54:58');
INSERT INTO `friend_requests` (`initiator_user_id`, `target_user_id`, `status`, `requested_at`, `updated_at`) VALUES ('302', '305', 'unfriended', '1976-03-03 18:22:00', '1996-12-03 11:29:04');
INSERT INTO `friend_requests` (`initiator_user_id`, `target_user_id`, `status`, `requested_at`, `updated_at`) VALUES ('310', '312', 'unfriended', '2008-12-06 17:07:59', '2015-11-01 08:03:23');
INSERT INTO `friend_requests` (`initiator_user_id`, `target_user_id`, `status`, `requested_at`, `updated_at`) VALUES ('315', '301', 'requested', '1989-10-26 06:20:23', '2001-08-05 16:01:03');
INSERT INTO `friend_requests` (`initiator_user_id`, `target_user_id`, `status`, `requested_at`, `updated_at`) VALUES ('315', '316', 'unfriended', '1987-12-30 01:50:03', '2001-07-09 07:39:50');
INSERT INTO `friend_requests` (`initiator_user_id`, `target_user_id`, `status`, `requested_at`, `updated_at`) VALUES ('315', '324', 'requested', '2003-12-27 22:52:09', '1998-04-18 04:41:46');
INSERT INTO `friend_requests` (`initiator_user_id`, `target_user_id`, `status`, `requested_at`, `updated_at`) VALUES ('316', '320', 'declined', '1970-05-08 00:32:15', '2007-03-22 21:08:16');
INSERT INTO `friend_requests` (`initiator_user_id`, `target_user_id`, `status`, `requested_at`, `updated_at`) VALUES ('316', '302', 'approved', '1988-05-02 10:55:41', '1985-02-09 05:04:27');
INSERT INTO `friend_requests` (`initiator_user_id`, `target_user_id`, `status`, `requested_at`, `updated_at`) VALUES ('316', '304', 'unfriended', '1975-07-25 20:11:02', '1993-06-30 12:51:09');
INSERT INTO `friend_requests` (`initiator_user_id`, `target_user_id`, `status`, `requested_at`, `updated_at`) VALUES ('320', '305', 'declined', '2000-06-24 13:17:54', '1982-04-16 16:12:48');
INSERT INTO `friend_requests` (`initiator_user_id`, `target_user_id`, `status`, `requested_at`, `updated_at`) VALUES ('320', '310', 'declined', '2007-12-09 17:17:48', '1991-05-31 12:38:33');
INSERT INTO `friend_requests` (`initiator_user_id`, `target_user_id`, `status`, `requested_at`, `updated_at`) VALUES ('320', '328', 'unfriended', '2016-07-21 20:48:02', '1982-10-06 14:54:41');
INSERT INTO `friend_requests` (`initiator_user_id`, `target_user_id`, `status`, `requested_at`, `updated_at`) VALUES ('323', '304', 'requested', '1992-10-04 04:16:38', '2001-01-24 13:54:16');
INSERT INTO `friend_requests` (`initiator_user_id`, `target_user_id`, `status`, `requested_at`, `updated_at`) VALUES ('323', '305', 'approved', '1984-11-20 10:33:06', '2018-10-07 19:43:11');

#
# TABLE STRUCTURE FOR: likes
#

DROP TABLE IF EXISTS `likes`;

CREATE TABLE `likes` (
  `id` bigint(20) unsigned NOT NULL AUTO_INCREMENT,
  `user_id` bigint(20) unsigned NOT NULL,
  `media_id` bigint(20) unsigned NOT NULL,
  `created_at` datetime DEFAULT current_timestamp(),
  UNIQUE KEY `id` (`id`)
) ENGINE=InnoDB AUTO_INCREMENT=501 DEFAULT CHARSET=utf8mb4 COLLATE=utf8mb4_unicode_ci;

INSERT INTO `likes` (`id`, `user_id`, `media_id`, `created_at`) VALUES ('1', '301', '1', '2017-05-29 16:27:31');
INSERT INTO `likes` (`id`, `user_id`, `media_id`, `created_at`) VALUES ('2', '302', '2', '2005-07-07 00:17:52');
INSERT INTO `likes` (`id`, `user_id`, `media_id`, `created_at`) VALUES ('3', '303', '3', '2020-08-02 01:33:18');
INSERT INTO `likes` (`id`, `user_id`, `media_id`, `created_at`) VALUES ('4', '304', '4', '2003-04-29 10:13:04');
INSERT INTO `likes` (`id`, `user_id`, `media_id`, `created_at`) VALUES ('5', '305', '5', '1977-09-19 12:51:06');
INSERT INTO `likes` (`id`, `user_id`, `media_id`, `created_at`) VALUES ('6', '308', '6', '1995-10-30 14:51:38');
INSERT INTO `likes` (`id`, `user_id`, `media_id`, `created_at`) VALUES ('7', '310', '7', '1993-05-19 21:01:16');
INSERT INTO `likes` (`id`, `user_id`, `media_id`, `created_at`) VALUES ('8', '311', '8', '2016-12-26 22:34:44');
INSERT INTO `likes` (`id`, `user_id`, `media_id`, `created_at`) VALUES ('9', '312', '9', '2013-03-19 10:52:03');
INSERT INTO `likes` (`id`, `user_id`, `media_id`, `created_at`) VALUES ('10', '313', '10', '1970-07-01 23:07:44');
INSERT INTO `likes` (`id`, `user_id`, `media_id`, `created_at`) VALUES ('11', '315', '11', '2011-10-18 02:48:47');
INSERT INTO `likes` (`id`, `user_id`, `media_id`, `created_at`) VALUES ('12', '316', '12', '1972-05-12 11:34:49');
INSERT INTO `likes` (`id`, `user_id`, `media_id`, `created_at`) VALUES ('13', '320', '13', '1977-05-08 15:06:41');
INSERT INTO `likes` (`id`, `user_id`, `media_id`, `created_at`) VALUES ('14', '321', '14', '1980-12-26 22:23:17');
INSERT INTO `likes` (`id`, `user_id`, `media_id`, `created_at`) VALUES ('15', '323', '15', '1983-03-13 16:34:01');
INSERT INTO `likes` (`id`, `user_id`, `media_id`, `created_at`) VALUES ('16', '324', '16', '1986-08-07 08:18:21');
INSERT INTO `likes` (`id`, `user_id`, `media_id`, `created_at`) VALUES ('17', '325', '17', '1990-08-11 22:32:43');
INSERT INTO `likes` (`id`, `user_id`, `media_id`, `created_at`) VALUES ('18', '326', '18', '2014-02-25 03:33:56');
INSERT INTO `likes` (`id`, `user_id`, `media_id`, `created_at`) VALUES ('19', '328', '19', '2012-11-19 10:33:14');
INSERT INTO `likes` (`id`, `user_id`, `media_id`, `created_at`) VALUES ('20', '329', '20', '2004-06-04 04:18:45');
INSERT INTO `likes` (`id`, `user_id`, `media_id`, `created_at`) VALUES ('21', '333', '21', '2001-11-16 05:05:32');
INSERT INTO `likes` (`id`, `user_id`, `media_id`, `created_at`) VALUES ('22', '334', '22', '2020-11-05 07:10:55');
INSERT INTO `likes` (`id`, `user_id`, `media_id`, `created_at`) VALUES ('23', '335', '23', '1993-02-01 08:47:14');
INSERT INTO `likes` (`id`, `user_id`, `media_id`, `created_at`) VALUES ('24', '337', '24', '1982-08-15 21:25:03');
INSERT INTO `likes` (`id`, `user_id`, `media_id`, `created_at`) VALUES ('25', '338', '25', '2017-09-12 14:08:28');
INSERT INTO `likes` (`id`, `user_id`, `media_id`, `created_at`) VALUES ('26', '340', '26', '1984-12-29 07:09:38');
INSERT INTO `likes` (`id`, `user_id`, `media_id`, `created_at`) VALUES ('27', '341', '27', '1992-06-26 07:17:29');
INSERT INTO `likes` (`id`, `user_id`, `media_id`, `created_at`) VALUES ('28', '344', '28', '2016-07-24 11:50:02');
INSERT INTO `likes` (`id`, `user_id`, `media_id`, `created_at`) VALUES ('29', '345', '29', '2015-09-17 01:10:28');
INSERT INTO `likes` (`id`, `user_id`, `media_id`, `created_at`) VALUES ('30', '349', '30', '1995-04-09 00:34:56');
INSERT INTO `likes` (`id`, `user_id`, `media_id`, `created_at`) VALUES ('31', '350', '31', '2010-09-19 14:10:17');
INSERT INTO `likes` (`id`, `user_id`, `media_id`, `created_at`) VALUES ('32', '351', '32', '1991-10-26 20:54:04');
INSERT INTO `likes` (`id`, `user_id`, `media_id`, `created_at`) VALUES ('33', '352', '33', '2009-06-23 09:56:08');
INSERT INTO `likes` (`id`, `user_id`, `media_id`, `created_at`) VALUES ('34', '355', '34', '1995-07-04 00:47:02');
INSERT INTO `likes` (`id`, `user_id`, `media_id`, `created_at`) VALUES ('35', '356', '35', '1994-02-28 03:44:00');
INSERT INTO `likes` (`id`, `user_id`, `media_id`, `created_at`) VALUES ('36', '358', '36', '2000-04-06 17:55:18');
INSERT INTO `likes` (`id`, `user_id`, `media_id`, `created_at`) VALUES ('37', '360', '37', '1990-01-11 06:15:48');
INSERT INTO `likes` (`id`, `user_id`, `media_id`, `created_at`) VALUES ('38', '361', '38', '1997-10-27 04:48:18');
INSERT INTO `likes` (`id`, `user_id`, `media_id`, `created_at`) VALUES ('39', '362', '39', '1998-03-08 07:48:57');
INSERT INTO `likes` (`id`, `user_id`, `media_id`, `created_at`) VALUES ('40', '364', '40', '1987-01-25 08:59:05');
INSERT INTO `likes` (`id`, `user_id`, `media_id`, `created_at`) VALUES ('41', '365', '41', '2006-08-29 15:33:46');
INSERT INTO `likes` (`id`, `user_id`, `media_id`, `created_at`) VALUES ('42', '368', '42', '2004-06-07 16:26:01');
INSERT INTO `likes` (`id`, `user_id`, `media_id`, `created_at`) VALUES ('43', '370', '43', '1990-08-02 05:01:49');
INSERT INTO `likes` (`id`, `user_id`, `media_id`, `created_at`) VALUES ('44', '372', '44', '1979-11-02 21:42:55');
INSERT INTO `likes` (`id`, `user_id`, `media_id`, `created_at`) VALUES ('45', '374', '45', '2006-04-05 10:37:11');
INSERT INTO `likes` (`id`, `user_id`, `media_id`, `created_at`) VALUES ('46', '377', '46', '1980-01-20 18:08:47');
INSERT INTO `likes` (`id`, `user_id`, `media_id`, `created_at`) VALUES ('47', '378', '47', '2008-07-09 01:52:19');
INSERT INTO `likes` (`id`, `user_id`, `media_id`, `created_at`) VALUES ('48', '380', '48', '1973-06-05 16:45:33');
INSERT INTO `likes` (`id`, `user_id`, `media_id`, `created_at`) VALUES ('49', '383', '49', '1989-02-24 15:20:10');
INSERT INTO `likes` (`id`, `user_id`, `media_id`, `created_at`) VALUES ('50', '386', '50', '2001-08-19 10:53:34');
INSERT INTO `likes` (`id`, `user_id`, `media_id`, `created_at`) VALUES ('51', '387', '51', '1974-03-21 17:28:27');
INSERT INTO `likes` (`id`, `user_id`, `media_id`, `created_at`) VALUES ('52', '391', '52', '1997-03-24 18:48:15');
INSERT INTO `likes` (`id`, `user_id`, `media_id`, `created_at`) VALUES ('53', '392', '53', '2011-12-10 23:13:47');
INSERT INTO `likes` (`id`, `user_id`, `media_id`, `created_at`) VALUES ('54', '393', '54', '1991-06-01 03:50:55');
INSERT INTO `likes` (`id`, `user_id`, `media_id`, `created_at`) VALUES ('55', '394', '55', '1983-04-29 20:02:21');
INSERT INTO `likes` (`id`, `user_id`, `media_id`, `created_at`) VALUES ('56', '395', '56', '1971-04-13 03:28:26');
INSERT INTO `likes` (`id`, `user_id`, `media_id`, `created_at`) VALUES ('57', '396', '57', '1986-03-31 02:43:37');
INSERT INTO `likes` (`id`, `user_id`, `media_id`, `created_at`) VALUES ('58', '400', '58', '2006-09-14 15:38:39');
INSERT INTO `likes` (`id`, `user_id`, `media_id`, `created_at`) VALUES ('59', '401', '59', '1987-03-15 18:41:44');
INSERT INTO `likes` (`id`, `user_id`, `media_id`, `created_at`) VALUES ('60', '402', '60', '1994-11-21 19:01:02');
INSERT INTO `likes` (`id`, `user_id`, `media_id`, `created_at`) VALUES ('61', '403', '61', '2002-11-24 04:13:37');
INSERT INTO `likes` (`id`, `user_id`, `media_id`, `created_at`) VALUES ('62', '405', '62', '2016-06-21 21:53:16');
INSERT INTO `likes` (`id`, `user_id`, `media_id`, `created_at`) VALUES ('63', '407', '63', '2001-08-31 12:21:38');
INSERT INTO `likes` (`id`, `user_id`, `media_id`, `created_at`) VALUES ('64', '409', '64', '1989-05-02 07:50:17');
INSERT INTO `likes` (`id`, `user_id`, `media_id`, `created_at`) VALUES ('65', '410', '65', '1987-05-28 08:19:29');
INSERT INTO `likes` (`id`, `user_id`, `media_id`, `created_at`) VALUES ('66', '412', '66', '1996-06-16 02:10:12');
INSERT INTO `likes` (`id`, `user_id`, `media_id`, `created_at`) VALUES ('67', '413', '67', '1997-01-01 09:37:58');
INSERT INTO `likes` (`id`, `user_id`, `media_id`, `created_at`) VALUES ('68', '414', '68', '1991-02-02 22:20:19');
INSERT INTO `likes` (`id`, `user_id`, `media_id`, `created_at`) VALUES ('69', '418', '69', '1970-02-04 13:00:44');
INSERT INTO `likes` (`id`, `user_id`, `media_id`, `created_at`) VALUES ('70', '420', '70', '2005-09-21 14:29:52');
INSERT INTO `likes` (`id`, `user_id`, `media_id`, `created_at`) VALUES ('71', '421', '71', '2006-07-18 15:25:09');
INSERT INTO `likes` (`id`, `user_id`, `media_id`, `created_at`) VALUES ('72', '422', '72', '1993-12-03 23:36:02');
INSERT INTO `likes` (`id`, `user_id`, `media_id`, `created_at`) VALUES ('73', '423', '73', '2014-06-01 23:54:28');
INSERT INTO `likes` (`id`, `user_id`, `media_id`, `created_at`) VALUES ('74', '425', '74', '2018-03-07 07:02:12');
INSERT INTO `likes` (`id`, `user_id`, `media_id`, `created_at`) VALUES ('75', '426', '75', '2013-11-16 08:02:24');
INSERT INTO `likes` (`id`, `user_id`, `media_id`, `created_at`) VALUES ('76', '430', '76', '2010-05-09 01:46:20');
INSERT INTO `likes` (`id`, `user_id`, `media_id`, `created_at`) VALUES ('77', '431', '77', '1975-11-08 18:40:45');
INSERT INTO `likes` (`id`, `user_id`, `media_id`, `created_at`) VALUES ('78', '437', '78', '1983-01-05 22:09:41');
INSERT INTO `likes` (`id`, `user_id`, `media_id`, `created_at`) VALUES ('79', '439', '79', '1995-11-27 05:23:25');
INSERT INTO `likes` (`id`, `user_id`, `media_id`, `created_at`) VALUES ('80', '440', '80', '1974-03-29 15:28:18');
INSERT INTO `likes` (`id`, `user_id`, `media_id`, `created_at`) VALUES ('81', '441', '81', '2000-09-01 19:05:55');
INSERT INTO `likes` (`id`, `user_id`, `media_id`, `created_at`) VALUES ('82', '442', '82', '1982-02-04 16:43:50');
INSERT INTO `likes` (`id`, `user_id`, `media_id`, `created_at`) VALUES ('83', '446', '83', '1972-09-14 11:04:59');
INSERT INTO `likes` (`id`, `user_id`, `media_id`, `created_at`) VALUES ('84', '447', '84', '1970-05-10 15:02:19');
INSERT INTO `likes` (`id`, `user_id`, `media_id`, `created_at`) VALUES ('85', '448', '85', '1977-09-30 08:56:16');
INSERT INTO `likes` (`id`, `user_id`, `media_id`, `created_at`) VALUES ('86', '450', '86', '1972-05-12 04:39:16');
INSERT INTO `likes` (`id`, `user_id`, `media_id`, `created_at`) VALUES ('87', '451', '87', '2011-12-30 20:50:42');
INSERT INTO `likes` (`id`, `user_id`, `media_id`, `created_at`) VALUES ('88', '452', '88', '2010-09-15 05:33:48');
INSERT INTO `likes` (`id`, `user_id`, `media_id`, `created_at`) VALUES ('89', '456', '89', '1999-07-22 23:13:41');
INSERT INTO `likes` (`id`, `user_id`, `media_id`, `created_at`) VALUES ('90', '457', '90', '2013-02-20 23:53:52');
INSERT INTO `likes` (`id`, `user_id`, `media_id`, `created_at`) VALUES ('91', '458', '91', '2005-04-13 13:13:05');
INSERT INTO `likes` (`id`, `user_id`, `media_id`, `created_at`) VALUES ('92', '459', '92', '2005-10-18 06:45:52');
INSERT INTO `likes` (`id`, `user_id`, `media_id`, `created_at`) VALUES ('93', '460', '93', '1978-04-22 01:03:47');
INSERT INTO `likes` (`id`, `user_id`, `media_id`, `created_at`) VALUES ('94', '461', '94', '1992-06-14 20:29:55');
INSERT INTO `likes` (`id`, `user_id`, `media_id`, `created_at`) VALUES ('95', '463', '95', '1998-06-23 21:27:21');
INSERT INTO `likes` (`id`, `user_id`, `media_id`, `created_at`) VALUES ('96', '464', '96', '1989-07-07 15:44:28');
INSERT INTO `likes` (`id`, `user_id`, `media_id`, `created_at`) VALUES ('97', '466', '97', '1975-07-17 22:30:37');
INSERT INTO `likes` (`id`, `user_id`, `media_id`, `created_at`) VALUES ('98', '467', '98', '2014-06-30 01:51:30');
INSERT INTO `likes` (`id`, `user_id`, `media_id`, `created_at`) VALUES ('99', '468', '99', '1980-06-28 20:39:24');
INSERT INTO `likes` (`id`, `user_id`, `media_id`, `created_at`) VALUES ('100', '469', '100', '2006-07-11 02:02:58');
INSERT INTO `likes` (`id`, `user_id`, `media_id`, `created_at`) VALUES ('101', '470', '1', '2019-10-10 23:24:34');
INSERT INTO `likes` (`id`, `user_id`, `media_id`, `created_at`) VALUES ('102', '474', '2', '2019-08-26 07:21:26');
INSERT INTO `likes` (`id`, `user_id`, `media_id`, `created_at`) VALUES ('103', '479', '3', '1974-10-27 05:29:24');
INSERT INTO `likes` (`id`, `user_id`, `media_id`, `created_at`) VALUES ('104', '480', '4', '2005-04-08 00:04:32');
INSERT INTO `likes` (`id`, `user_id`, `media_id`, `created_at`) VALUES ('105', '482', '5', '1977-11-15 12:01:09');
INSERT INTO `likes` (`id`, `user_id`, `media_id`, `created_at`) VALUES ('106', '483', '6', '1995-07-24 23:52:49');
INSERT INTO `likes` (`id`, `user_id`, `media_id`, `created_at`) VALUES ('107', '484', '7', '1982-10-31 20:56:06');
INSERT INTO `likes` (`id`, `user_id`, `media_id`, `created_at`) VALUES ('108', '487', '8', '2004-06-01 05:19:33');
INSERT INTO `likes` (`id`, `user_id`, `media_id`, `created_at`) VALUES ('109', '491', '9', '1993-10-15 13:32:25');
INSERT INTO `likes` (`id`, `user_id`, `media_id`, `created_at`) VALUES ('110', '492', '10', '1972-12-24 17:00:11');
INSERT INTO `likes` (`id`, `user_id`, `media_id`, `created_at`) VALUES ('111', '493', '11', '2014-07-26 02:21:27');
INSERT INTO `likes` (`id`, `user_id`, `media_id`, `created_at`) VALUES ('112', '494', '12', '1992-10-16 05:34:26');
INSERT INTO `likes` (`id`, `user_id`, `media_id`, `created_at`) VALUES ('113', '496', '13', '2001-01-31 07:59:44');
INSERT INTO `likes` (`id`, `user_id`, `media_id`, `created_at`) VALUES ('114', '497', '14', '2003-12-14 03:22:58');
INSERT INTO `likes` (`id`, `user_id`, `media_id`, `created_at`) VALUES ('115', '498', '15', '1988-11-28 10:02:12');
INSERT INTO `likes` (`id`, `user_id`, `media_id`, `created_at`) VALUES ('116', '500', '16', '2008-09-20 17:33:57');
INSERT INTO `likes` (`id`, `user_id`, `media_id`, `created_at`) VALUES ('117', '501', '17', '1997-10-18 12:34:12');
INSERT INTO `likes` (`id`, `user_id`, `media_id`, `created_at`) VALUES ('118', '503', '18', '2011-01-20 06:31:01');
INSERT INTO `likes` (`id`, `user_id`, `media_id`, `created_at`) VALUES ('119', '504', '19', '2005-03-08 18:49:51');
INSERT INTO `likes` (`id`, `user_id`, `media_id`, `created_at`) VALUES ('120', '505', '20', '1998-01-07 16:32:40');
INSERT INTO `likes` (`id`, `user_id`, `media_id`, `created_at`) VALUES ('121', '507', '21', '1975-07-24 15:04:47');
INSERT INTO `likes` (`id`, `user_id`, `media_id`, `created_at`) VALUES ('122', '508', '22', '1995-12-30 09:54:22');
INSERT INTO `likes` (`id`, `user_id`, `media_id`, `created_at`) VALUES ('123', '509', '23', '1982-06-22 18:49:51');
INSERT INTO `likes` (`id`, `user_id`, `media_id`, `created_at`) VALUES ('124', '510', '24', '1970-01-01 03:20:03');
INSERT INTO `likes` (`id`, `user_id`, `media_id`, `created_at`) VALUES ('125', '511', '25', '2011-11-27 09:44:17');
INSERT INTO `likes` (`id`, `user_id`, `media_id`, `created_at`) VALUES ('126', '513', '26', '1998-12-21 17:18:44');
INSERT INTO `likes` (`id`, `user_id`, `media_id`, `created_at`) VALUES ('127', '514', '27', '2013-05-08 04:17:27');
INSERT INTO `likes` (`id`, `user_id`, `media_id`, `created_at`) VALUES ('128', '515', '28', '1998-02-06 02:23:34');
INSERT INTO `likes` (`id`, `user_id`, `media_id`, `created_at`) VALUES ('129', '517', '29', '1980-10-21 18:47:54');
INSERT INTO `likes` (`id`, `user_id`, `media_id`, `created_at`) VALUES ('130', '519', '30', '1970-11-18 23:37:23');
INSERT INTO `likes` (`id`, `user_id`, `media_id`, `created_at`) VALUES ('131', '520', '31', '2009-10-11 05:11:36');
INSERT INTO `likes` (`id`, `user_id`, `media_id`, `created_at`) VALUES ('132', '521', '32', '1977-02-28 10:15:44');
INSERT INTO `likes` (`id`, `user_id`, `media_id`, `created_at`) VALUES ('133', '522', '33', '2017-12-04 14:42:23');
INSERT INTO `likes` (`id`, `user_id`, `media_id`, `created_at`) VALUES ('134', '525', '34', '2008-08-25 22:56:22');
INSERT INTO `likes` (`id`, `user_id`, `media_id`, `created_at`) VALUES ('135', '526', '35', '1979-04-03 12:59:04');
INSERT INTO `likes` (`id`, `user_id`, `media_id`, `created_at`) VALUES ('136', '527', '36', '1971-08-08 07:12:18');
INSERT INTO `likes` (`id`, `user_id`, `media_id`, `created_at`) VALUES ('137', '528', '37', '1995-03-26 16:52:46');
INSERT INTO `likes` (`id`, `user_id`, `media_id`, `created_at`) VALUES ('138', '529', '38', '1980-01-15 20:46:32');
INSERT INTO `likes` (`id`, `user_id`, `media_id`, `created_at`) VALUES ('139', '530', '39', '2019-11-30 09:24:28');
INSERT INTO `likes` (`id`, `user_id`, `media_id`, `created_at`) VALUES ('140', '531', '40', '2010-06-25 16:28:38');
INSERT INTO `likes` (`id`, `user_id`, `media_id`, `created_at`) VALUES ('141', '535', '41', '1985-11-19 07:56:22');
INSERT INTO `likes` (`id`, `user_id`, `media_id`, `created_at`) VALUES ('142', '536', '42', '2014-01-26 07:33:51');
INSERT INTO `likes` (`id`, `user_id`, `media_id`, `created_at`) VALUES ('143', '539', '43', '1976-03-28 12:55:41');
INSERT INTO `likes` (`id`, `user_id`, `media_id`, `created_at`) VALUES ('144', '540', '44', '1972-03-18 11:10:40');
INSERT INTO `likes` (`id`, `user_id`, `media_id`, `created_at`) VALUES ('145', '542', '45', '2017-07-19 22:04:31');
INSERT INTO `likes` (`id`, `user_id`, `media_id`, `created_at`) VALUES ('146', '545', '46', '2005-11-17 03:29:18');
INSERT INTO `likes` (`id`, `user_id`, `media_id`, `created_at`) VALUES ('147', '546', '47', '2020-01-20 12:20:15');
INSERT INTO `likes` (`id`, `user_id`, `media_id`, `created_at`) VALUES ('148', '547', '48', '2010-01-08 04:26:09');
INSERT INTO `likes` (`id`, `user_id`, `media_id`, `created_at`) VALUES ('149', '550', '49', '1971-11-24 10:47:54');
INSERT INTO `likes` (`id`, `user_id`, `media_id`, `created_at`) VALUES ('150', '551', '50', '1988-08-17 17:57:57');
INSERT INTO `likes` (`id`, `user_id`, `media_id`, `created_at`) VALUES ('151', '555', '51', '2016-07-22 16:42:33');
INSERT INTO `likes` (`id`, `user_id`, `media_id`, `created_at`) VALUES ('152', '558', '52', '1982-03-08 22:48:54');
INSERT INTO `likes` (`id`, `user_id`, `media_id`, `created_at`) VALUES ('153', '560', '53', '1998-03-13 20:08:26');
INSERT INTO `likes` (`id`, `user_id`, `media_id`, `created_at`) VALUES ('154', '563', '54', '2018-10-12 11:13:23');
INSERT INTO `likes` (`id`, `user_id`, `media_id`, `created_at`) VALUES ('155', '564', '55', '2017-07-22 02:50:51');
INSERT INTO `likes` (`id`, `user_id`, `media_id`, `created_at`) VALUES ('156', '566', '56', '2019-08-15 04:04:14');
INSERT INTO `likes` (`id`, `user_id`, `media_id`, `created_at`) VALUES ('157', '567', '57', '1977-03-28 16:20:13');
INSERT INTO `likes` (`id`, `user_id`, `media_id`, `created_at`) VALUES ('158', '571', '58', '2019-03-11 04:55:11');
INSERT INTO `likes` (`id`, `user_id`, `media_id`, `created_at`) VALUES ('159', '573', '59', '1991-02-01 22:39:33');
INSERT INTO `likes` (`id`, `user_id`, `media_id`, `created_at`) VALUES ('160', '575', '60', '1977-01-15 02:16:56');
INSERT INTO `likes` (`id`, `user_id`, `media_id`, `created_at`) VALUES ('161', '576', '61', '1974-01-23 04:57:00');
INSERT INTO `likes` (`id`, `user_id`, `media_id`, `created_at`) VALUES ('162', '578', '62', '1979-03-31 04:59:35');
INSERT INTO `likes` (`id`, `user_id`, `media_id`, `created_at`) VALUES ('163', '583', '63', '2004-12-04 12:20:42');
INSERT INTO `likes` (`id`, `user_id`, `media_id`, `created_at`) VALUES ('164', '584', '64', '1980-08-13 23:23:17');
INSERT INTO `likes` (`id`, `user_id`, `media_id`, `created_at`) VALUES ('165', '588', '65', '1980-09-08 03:16:59');
INSERT INTO `likes` (`id`, `user_id`, `media_id`, `created_at`) VALUES ('166', '589', '66', '1993-04-26 17:12:53');
INSERT INTO `likes` (`id`, `user_id`, `media_id`, `created_at`) VALUES ('167', '590', '67', '1986-12-16 18:48:46');
INSERT INTO `likes` (`id`, `user_id`, `media_id`, `created_at`) VALUES ('168', '591', '68', '1988-12-12 09:18:09');
INSERT INTO `likes` (`id`, `user_id`, `media_id`, `created_at`) VALUES ('169', '592', '69', '2006-02-10 09:34:11');
INSERT INTO `likes` (`id`, `user_id`, `media_id`, `created_at`) VALUES ('170', '593', '70', '1978-04-04 05:22:53');
INSERT INTO `likes` (`id`, `user_id`, `media_id`, `created_at`) VALUES ('171', '594', '71', '2018-04-07 07:30:48');
INSERT INTO `likes` (`id`, `user_id`, `media_id`, `created_at`) VALUES ('172', '595', '72', '2015-12-03 09:43:05');
INSERT INTO `likes` (`id`, `user_id`, `media_id`, `created_at`) VALUES ('173', '596', '73', '1984-05-22 13:09:05');
INSERT INTO `likes` (`id`, `user_id`, `media_id`, `created_at`) VALUES ('174', '597', '74', '2018-09-16 22:47:37');
INSERT INTO `likes` (`id`, `user_id`, `media_id`, `created_at`) VALUES ('175', '301', '75', '1982-02-25 03:53:14');
INSERT INTO `likes` (`id`, `user_id`, `media_id`, `created_at`) VALUES ('176', '302', '76', '2015-08-17 22:42:07');
INSERT INTO `likes` (`id`, `user_id`, `media_id`, `created_at`) VALUES ('177', '303', '77', '2001-09-23 20:30:28');
INSERT INTO `likes` (`id`, `user_id`, `media_id`, `created_at`) VALUES ('178', '304', '78', '2012-07-06 23:36:10');
INSERT INTO `likes` (`id`, `user_id`, `media_id`, `created_at`) VALUES ('179', '305', '79', '1987-09-29 20:58:15');
INSERT INTO `likes` (`id`, `user_id`, `media_id`, `created_at`) VALUES ('180', '308', '80', '1986-03-25 22:08:17');
INSERT INTO `likes` (`id`, `user_id`, `media_id`, `created_at`) VALUES ('181', '310', '81', '2008-01-31 23:41:10');
INSERT INTO `likes` (`id`, `user_id`, `media_id`, `created_at`) VALUES ('182', '311', '82', '1981-12-09 01:26:43');
INSERT INTO `likes` (`id`, `user_id`, `media_id`, `created_at`) VALUES ('183', '312', '83', '1992-04-26 04:46:14');
INSERT INTO `likes` (`id`, `user_id`, `media_id`, `created_at`) VALUES ('184', '313', '84', '1997-06-05 19:40:08');
INSERT INTO `likes` (`id`, `user_id`, `media_id`, `created_at`) VALUES ('185', '315', '85', '1979-09-18 20:53:58');
INSERT INTO `likes` (`id`, `user_id`, `media_id`, `created_at`) VALUES ('186', '316', '86', '2000-01-05 15:44:38');
INSERT INTO `likes` (`id`, `user_id`, `media_id`, `created_at`) VALUES ('187', '320', '87', '2016-07-20 11:03:49');
INSERT INTO `likes` (`id`, `user_id`, `media_id`, `created_at`) VALUES ('188', '321', '88', '2018-10-18 05:57:40');
INSERT INTO `likes` (`id`, `user_id`, `media_id`, `created_at`) VALUES ('189', '323', '89', '2012-08-30 01:42:34');
INSERT INTO `likes` (`id`, `user_id`, `media_id`, `created_at`) VALUES ('190', '324', '90', '1972-03-04 20:16:57');
INSERT INTO `likes` (`id`, `user_id`, `media_id`, `created_at`) VALUES ('191', '325', '91', '1991-08-22 01:46:32');
INSERT INTO `likes` (`id`, `user_id`, `media_id`, `created_at`) VALUES ('192', '326', '92', '2007-11-26 17:26:09');
INSERT INTO `likes` (`id`, `user_id`, `media_id`, `created_at`) VALUES ('193', '328', '93', '2007-11-15 23:42:41');
INSERT INTO `likes` (`id`, `user_id`, `media_id`, `created_at`) VALUES ('194', '329', '94', '2012-12-04 18:40:34');
INSERT INTO `likes` (`id`, `user_id`, `media_id`, `created_at`) VALUES ('195', '333', '95', '2010-11-22 23:17:37');
INSERT INTO `likes` (`id`, `user_id`, `media_id`, `created_at`) VALUES ('196', '334', '96', '1972-07-16 10:53:21');
INSERT INTO `likes` (`id`, `user_id`, `media_id`, `created_at`) VALUES ('197', '335', '97', '1972-02-19 10:07:29');
INSERT INTO `likes` (`id`, `user_id`, `media_id`, `created_at`) VALUES ('198', '337', '98', '1974-03-23 06:29:10');
INSERT INTO `likes` (`id`, `user_id`, `media_id`, `created_at`) VALUES ('199', '338', '99', '2007-12-28 23:02:12');
INSERT INTO `likes` (`id`, `user_id`, `media_id`, `created_at`) VALUES ('200', '340', '100', '2015-07-16 15:48:21');
INSERT INTO `likes` (`id`, `user_id`, `media_id`, `created_at`) VALUES ('201', '341', '1', '2020-06-26 11:13:14');
INSERT INTO `likes` (`id`, `user_id`, `media_id`, `created_at`) VALUES ('202', '344', '2', '2000-01-18 00:05:39');
INSERT INTO `likes` (`id`, `user_id`, `media_id`, `created_at`) VALUES ('203', '345', '3', '1985-04-28 00:53:25');
INSERT INTO `likes` (`id`, `user_id`, `media_id`, `created_at`) VALUES ('204', '349', '4', '1977-02-26 10:56:00');
INSERT INTO `likes` (`id`, `user_id`, `media_id`, `created_at`) VALUES ('205', '350', '5', '2002-03-06 10:06:06');
INSERT INTO `likes` (`id`, `user_id`, `media_id`, `created_at`) VALUES ('206', '351', '6', '2018-02-07 08:22:12');
INSERT INTO `likes` (`id`, `user_id`, `media_id`, `created_at`) VALUES ('207', '352', '7', '1985-09-12 22:31:13');
INSERT INTO `likes` (`id`, `user_id`, `media_id`, `created_at`) VALUES ('208', '355', '8', '1971-02-19 23:52:49');
INSERT INTO `likes` (`id`, `user_id`, `media_id`, `created_at`) VALUES ('209', '356', '9', '2006-04-09 22:18:53');
INSERT INTO `likes` (`id`, `user_id`, `media_id`, `created_at`) VALUES ('210', '358', '10', '1994-08-08 03:10:33');
INSERT INTO `likes` (`id`, `user_id`, `media_id`, `created_at`) VALUES ('211', '360', '11', '2005-03-09 08:24:36');
INSERT INTO `likes` (`id`, `user_id`, `media_id`, `created_at`) VALUES ('212', '361', '12', '1972-02-16 12:12:50');
INSERT INTO `likes` (`id`, `user_id`, `media_id`, `created_at`) VALUES ('213', '362', '13', '2017-01-26 18:19:51');
INSERT INTO `likes` (`id`, `user_id`, `media_id`, `created_at`) VALUES ('214', '364', '14', '2000-01-14 09:47:16');
INSERT INTO `likes` (`id`, `user_id`, `media_id`, `created_at`) VALUES ('215', '365', '15', '2005-10-19 09:17:17');
INSERT INTO `likes` (`id`, `user_id`, `media_id`, `created_at`) VALUES ('216', '368', '16', '1974-07-26 17:36:55');
INSERT INTO `likes` (`id`, `user_id`, `media_id`, `created_at`) VALUES ('217', '370', '17', '2009-06-14 22:55:04');
INSERT INTO `likes` (`id`, `user_id`, `media_id`, `created_at`) VALUES ('218', '372', '18', '1998-04-01 12:38:35');
INSERT INTO `likes` (`id`, `user_id`, `media_id`, `created_at`) VALUES ('219', '374', '19', '1980-11-01 04:21:43');
INSERT INTO `likes` (`id`, `user_id`, `media_id`, `created_at`) VALUES ('220', '377', '20', '1978-12-03 19:15:58');
INSERT INTO `likes` (`id`, `user_id`, `media_id`, `created_at`) VALUES ('221', '378', '21', '1973-08-09 05:47:01');
INSERT INTO `likes` (`id`, `user_id`, `media_id`, `created_at`) VALUES ('222', '380', '22', '1992-02-29 02:17:14');
INSERT INTO `likes` (`id`, `user_id`, `media_id`, `created_at`) VALUES ('223', '383', '23', '2016-10-08 03:19:28');
INSERT INTO `likes` (`id`, `user_id`, `media_id`, `created_at`) VALUES ('224', '386', '24', '2006-06-13 13:41:35');
INSERT INTO `likes` (`id`, `user_id`, `media_id`, `created_at`) VALUES ('225', '387', '25', '2007-10-13 22:45:06');
INSERT INTO `likes` (`id`, `user_id`, `media_id`, `created_at`) VALUES ('226', '391', '26', '1982-05-24 06:29:52');
INSERT INTO `likes` (`id`, `user_id`, `media_id`, `created_at`) VALUES ('227', '392', '27', '1976-12-15 00:06:50');
INSERT INTO `likes` (`id`, `user_id`, `media_id`, `created_at`) VALUES ('228', '393', '28', '2020-12-07 01:19:34');
INSERT INTO `likes` (`id`, `user_id`, `media_id`, `created_at`) VALUES ('229', '394', '29', '2014-05-09 02:09:37');
INSERT INTO `likes` (`id`, `user_id`, `media_id`, `created_at`) VALUES ('230', '395', '30', '2018-12-21 10:00:03');
INSERT INTO `likes` (`id`, `user_id`, `media_id`, `created_at`) VALUES ('231', '396', '31', '1973-11-30 17:08:57');
INSERT INTO `likes` (`id`, `user_id`, `media_id`, `created_at`) VALUES ('232', '400', '32', '2006-07-08 18:26:18');
INSERT INTO `likes` (`id`, `user_id`, `media_id`, `created_at`) VALUES ('233', '401', '33', '2005-11-12 14:16:27');
INSERT INTO `likes` (`id`, `user_id`, `media_id`, `created_at`) VALUES ('234', '402', '34', '2005-04-25 10:09:20');
INSERT INTO `likes` (`id`, `user_id`, `media_id`, `created_at`) VALUES ('235', '403', '35', '1979-04-21 15:26:55');
INSERT INTO `likes` (`id`, `user_id`, `media_id`, `created_at`) VALUES ('236', '405', '36', '2009-07-20 09:48:20');
INSERT INTO `likes` (`id`, `user_id`, `media_id`, `created_at`) VALUES ('237', '407', '37', '2019-02-05 23:39:29');
INSERT INTO `likes` (`id`, `user_id`, `media_id`, `created_at`) VALUES ('238', '409', '38', '2013-06-22 22:26:58');
INSERT INTO `likes` (`id`, `user_id`, `media_id`, `created_at`) VALUES ('239', '410', '39', '1973-09-08 22:24:42');
INSERT INTO `likes` (`id`, `user_id`, `media_id`, `created_at`) VALUES ('240', '412', '40', '2006-11-03 06:51:04');
INSERT INTO `likes` (`id`, `user_id`, `media_id`, `created_at`) VALUES ('241', '413', '41', '2005-06-21 12:09:58');
INSERT INTO `likes` (`id`, `user_id`, `media_id`, `created_at`) VALUES ('242', '414', '42', '2002-10-26 09:56:51');
INSERT INTO `likes` (`id`, `user_id`, `media_id`, `created_at`) VALUES ('243', '418', '43', '2010-01-13 08:27:56');
INSERT INTO `likes` (`id`, `user_id`, `media_id`, `created_at`) VALUES ('244', '420', '44', '2002-09-22 20:00:04');
INSERT INTO `likes` (`id`, `user_id`, `media_id`, `created_at`) VALUES ('245', '421', '45', '2007-06-30 21:59:24');
INSERT INTO `likes` (`id`, `user_id`, `media_id`, `created_at`) VALUES ('246', '422', '46', '2012-05-25 19:28:14');
INSERT INTO `likes` (`id`, `user_id`, `media_id`, `created_at`) VALUES ('247', '423', '47', '2011-02-21 01:20:59');
INSERT INTO `likes` (`id`, `user_id`, `media_id`, `created_at`) VALUES ('248', '425', '48', '1991-02-24 06:14:33');
INSERT INTO `likes` (`id`, `user_id`, `media_id`, `created_at`) VALUES ('249', '426', '49', '2001-04-10 17:09:44');
INSERT INTO `likes` (`id`, `user_id`, `media_id`, `created_at`) VALUES ('250', '430', '50', '1998-10-30 08:08:20');
INSERT INTO `likes` (`id`, `user_id`, `media_id`, `created_at`) VALUES ('251', '431', '51', '1991-05-19 07:35:28');
INSERT INTO `likes` (`id`, `user_id`, `media_id`, `created_at`) VALUES ('252', '437', '52', '2017-09-15 04:10:39');
INSERT INTO `likes` (`id`, `user_id`, `media_id`, `created_at`) VALUES ('253', '439', '53', '1985-01-25 13:25:02');
INSERT INTO `likes` (`id`, `user_id`, `media_id`, `created_at`) VALUES ('254', '440', '54', '2010-12-15 14:06:27');
INSERT INTO `likes` (`id`, `user_id`, `media_id`, `created_at`) VALUES ('255', '441', '55', '1986-11-05 05:57:48');
INSERT INTO `likes` (`id`, `user_id`, `media_id`, `created_at`) VALUES ('256', '442', '56', '2011-11-06 05:13:03');
INSERT INTO `likes` (`id`, `user_id`, `media_id`, `created_at`) VALUES ('257', '446', '57', '1990-10-21 20:46:53');
INSERT INTO `likes` (`id`, `user_id`, `media_id`, `created_at`) VALUES ('258', '447', '58', '1996-05-02 04:40:22');
INSERT INTO `likes` (`id`, `user_id`, `media_id`, `created_at`) VALUES ('259', '448', '59', '2006-11-30 21:06:20');
INSERT INTO `likes` (`id`, `user_id`, `media_id`, `created_at`) VALUES ('260', '450', '60', '1982-12-14 20:08:32');
INSERT INTO `likes` (`id`, `user_id`, `media_id`, `created_at`) VALUES ('261', '451', '61', '1987-12-07 17:29:33');
INSERT INTO `likes` (`id`, `user_id`, `media_id`, `created_at`) VALUES ('262', '452', '62', '1982-11-16 21:47:09');
INSERT INTO `likes` (`id`, `user_id`, `media_id`, `created_at`) VALUES ('263', '456', '63', '2018-12-05 22:08:23');
INSERT INTO `likes` (`id`, `user_id`, `media_id`, `created_at`) VALUES ('264', '457', '64', '1986-04-20 19:12:09');
INSERT INTO `likes` (`id`, `user_id`, `media_id`, `created_at`) VALUES ('265', '458', '65', '2008-03-04 19:56:13');
INSERT INTO `likes` (`id`, `user_id`, `media_id`, `created_at`) VALUES ('266', '459', '66', '2018-06-02 00:07:07');
INSERT INTO `likes` (`id`, `user_id`, `media_id`, `created_at`) VALUES ('267', '460', '67', '2006-05-09 22:57:20');
INSERT INTO `likes` (`id`, `user_id`, `media_id`, `created_at`) VALUES ('268', '461', '68', '1976-06-26 22:50:25');
INSERT INTO `likes` (`id`, `user_id`, `media_id`, `created_at`) VALUES ('269', '463', '69', '1979-03-09 07:38:20');
INSERT INTO `likes` (`id`, `user_id`, `media_id`, `created_at`) VALUES ('270', '464', '70', '2013-03-20 14:19:52');
INSERT INTO `likes` (`id`, `user_id`, `media_id`, `created_at`) VALUES ('271', '466', '71', '1990-01-03 14:30:19');
INSERT INTO `likes` (`id`, `user_id`, `media_id`, `created_at`) VALUES ('272', '467', '72', '1980-11-05 00:33:22');
INSERT INTO `likes` (`id`, `user_id`, `media_id`, `created_at`) VALUES ('273', '468', '73', '1973-10-14 18:13:58');
INSERT INTO `likes` (`id`, `user_id`, `media_id`, `created_at`) VALUES ('274', '469', '74', '1972-01-14 14:13:58');
INSERT INTO `likes` (`id`, `user_id`, `media_id`, `created_at`) VALUES ('275', '470', '75', '1984-03-22 11:12:04');
INSERT INTO `likes` (`id`, `user_id`, `media_id`, `created_at`) VALUES ('276', '474', '76', '2008-08-05 11:11:03');
INSERT INTO `likes` (`id`, `user_id`, `media_id`, `created_at`) VALUES ('277', '479', '77', '1986-05-17 17:02:59');
INSERT INTO `likes` (`id`, `user_id`, `media_id`, `created_at`) VALUES ('278', '480', '78', '2011-08-08 23:53:27');
INSERT INTO `likes` (`id`, `user_id`, `media_id`, `created_at`) VALUES ('279', '482', '79', '1987-03-16 10:07:24');
INSERT INTO `likes` (`id`, `user_id`, `media_id`, `created_at`) VALUES ('280', '483', '80', '1982-02-17 00:02:25');
INSERT INTO `likes` (`id`, `user_id`, `media_id`, `created_at`) VALUES ('281', '484', '81', '1974-01-26 17:29:55');
INSERT INTO `likes` (`id`, `user_id`, `media_id`, `created_at`) VALUES ('282', '487', '82', '1979-01-27 09:19:47');
INSERT INTO `likes` (`id`, `user_id`, `media_id`, `created_at`) VALUES ('283', '491', '83', '1982-10-16 19:18:50');
INSERT INTO `likes` (`id`, `user_id`, `media_id`, `created_at`) VALUES ('284', '492', '84', '1999-09-05 10:13:48');
INSERT INTO `likes` (`id`, `user_id`, `media_id`, `created_at`) VALUES ('285', '493', '85', '1976-08-28 08:59:26');
INSERT INTO `likes` (`id`, `user_id`, `media_id`, `created_at`) VALUES ('286', '494', '86', '1996-02-08 14:47:44');
INSERT INTO `likes` (`id`, `user_id`, `media_id`, `created_at`) VALUES ('287', '496', '87', '1980-08-20 17:40:23');
INSERT INTO `likes` (`id`, `user_id`, `media_id`, `created_at`) VALUES ('288', '497', '88', '1998-11-20 11:51:16');
INSERT INTO `likes` (`id`, `user_id`, `media_id`, `created_at`) VALUES ('289', '498', '89', '2000-11-26 09:18:42');
INSERT INTO `likes` (`id`, `user_id`, `media_id`, `created_at`) VALUES ('290', '500', '90', '2001-04-17 15:24:17');
INSERT INTO `likes` (`id`, `user_id`, `media_id`, `created_at`) VALUES ('291', '501', '91', '1997-10-03 05:02:01');
INSERT INTO `likes` (`id`, `user_id`, `media_id`, `created_at`) VALUES ('292', '503', '92', '2004-10-29 06:28:31');
INSERT INTO `likes` (`id`, `user_id`, `media_id`, `created_at`) VALUES ('293', '504', '93', '1981-04-21 08:59:08');
INSERT INTO `likes` (`id`, `user_id`, `media_id`, `created_at`) VALUES ('294', '505', '94', '2015-02-21 14:17:12');
INSERT INTO `likes` (`id`, `user_id`, `media_id`, `created_at`) VALUES ('295', '507', '95', '1979-07-27 05:29:31');
INSERT INTO `likes` (`id`, `user_id`, `media_id`, `created_at`) VALUES ('296', '508', '96', '1988-02-17 03:12:16');
INSERT INTO `likes` (`id`, `user_id`, `media_id`, `created_at`) VALUES ('297', '509', '97', '2012-06-01 05:56:08');
INSERT INTO `likes` (`id`, `user_id`, `media_id`, `created_at`) VALUES ('298', '510', '98', '2003-02-01 15:21:17');
INSERT INTO `likes` (`id`, `user_id`, `media_id`, `created_at`) VALUES ('299', '511', '99', '2019-09-05 00:44:26');
INSERT INTO `likes` (`id`, `user_id`, `media_id`, `created_at`) VALUES ('300', '513', '100', '1984-05-16 22:03:19');
INSERT INTO `likes` (`id`, `user_id`, `media_id`, `created_at`) VALUES ('301', '514', '1', '2011-04-10 22:44:54');
INSERT INTO `likes` (`id`, `user_id`, `media_id`, `created_at`) VALUES ('302', '515', '2', '1999-12-10 11:38:10');
INSERT INTO `likes` (`id`, `user_id`, `media_id`, `created_at`) VALUES ('303', '517', '3', '1990-07-29 21:38:27');
INSERT INTO `likes` (`id`, `user_id`, `media_id`, `created_at`) VALUES ('304', '519', '4', '2000-07-17 21:13:24');
INSERT INTO `likes` (`id`, `user_id`, `media_id`, `created_at`) VALUES ('305', '520', '5', '2002-06-28 03:58:12');
INSERT INTO `likes` (`id`, `user_id`, `media_id`, `created_at`) VALUES ('306', '521', '6', '1979-11-17 07:46:31');
INSERT INTO `likes` (`id`, `user_id`, `media_id`, `created_at`) VALUES ('307', '522', '7', '1971-01-10 22:36:09');
INSERT INTO `likes` (`id`, `user_id`, `media_id`, `created_at`) VALUES ('308', '525', '8', '1991-11-04 16:33:18');
INSERT INTO `likes` (`id`, `user_id`, `media_id`, `created_at`) VALUES ('309', '526', '9', '2000-10-11 17:30:21');
INSERT INTO `likes` (`id`, `user_id`, `media_id`, `created_at`) VALUES ('310', '527', '10', '1983-03-16 12:47:19');
INSERT INTO `likes` (`id`, `user_id`, `media_id`, `created_at`) VALUES ('311', '528', '11', '2020-09-03 05:03:51');
INSERT INTO `likes` (`id`, `user_id`, `media_id`, `created_at`) VALUES ('312', '529', '12', '2019-06-10 03:17:01');
INSERT INTO `likes` (`id`, `user_id`, `media_id`, `created_at`) VALUES ('313', '530', '13', '1981-10-03 05:55:51');
INSERT INTO `likes` (`id`, `user_id`, `media_id`, `created_at`) VALUES ('314', '531', '14', '1999-02-13 00:50:16');
INSERT INTO `likes` (`id`, `user_id`, `media_id`, `created_at`) VALUES ('315', '535', '15', '1993-01-06 21:42:27');
INSERT INTO `likes` (`id`, `user_id`, `media_id`, `created_at`) VALUES ('316', '536', '16', '1988-03-07 12:01:18');
INSERT INTO `likes` (`id`, `user_id`, `media_id`, `created_at`) VALUES ('317', '539', '17', '2005-12-01 07:55:36');
INSERT INTO `likes` (`id`, `user_id`, `media_id`, `created_at`) VALUES ('318', '540', '18', '1983-08-29 04:24:37');
INSERT INTO `likes` (`id`, `user_id`, `media_id`, `created_at`) VALUES ('319', '542', '19', '1980-01-26 21:50:20');
INSERT INTO `likes` (`id`, `user_id`, `media_id`, `created_at`) VALUES ('320', '545', '20', '1980-06-18 13:09:28');
INSERT INTO `likes` (`id`, `user_id`, `media_id`, `created_at`) VALUES ('321', '546', '21', '2007-04-12 22:44:33');
INSERT INTO `likes` (`id`, `user_id`, `media_id`, `created_at`) VALUES ('322', '547', '22', '2013-07-19 16:16:45');
INSERT INTO `likes` (`id`, `user_id`, `media_id`, `created_at`) VALUES ('323', '550', '23', '1976-11-16 19:06:20');
INSERT INTO `likes` (`id`, `user_id`, `media_id`, `created_at`) VALUES ('324', '551', '24', '2011-02-10 21:05:00');
INSERT INTO `likes` (`id`, `user_id`, `media_id`, `created_at`) VALUES ('325', '555', '25', '2001-12-21 21:49:44');
INSERT INTO `likes` (`id`, `user_id`, `media_id`, `created_at`) VALUES ('326', '558', '26', '1997-02-10 22:14:19');
INSERT INTO `likes` (`id`, `user_id`, `media_id`, `created_at`) VALUES ('327', '560', '27', '1996-07-29 13:27:55');
INSERT INTO `likes` (`id`, `user_id`, `media_id`, `created_at`) VALUES ('328', '563', '28', '1974-04-03 04:53:34');
INSERT INTO `likes` (`id`, `user_id`, `media_id`, `created_at`) VALUES ('329', '564', '29', '1985-08-14 06:25:40');
INSERT INTO `likes` (`id`, `user_id`, `media_id`, `created_at`) VALUES ('330', '566', '30', '2002-04-16 02:22:37');
INSERT INTO `likes` (`id`, `user_id`, `media_id`, `created_at`) VALUES ('331', '567', '31', '1997-05-05 18:30:32');
INSERT INTO `likes` (`id`, `user_id`, `media_id`, `created_at`) VALUES ('332', '571', '32', '1970-02-27 07:12:13');
INSERT INTO `likes` (`id`, `user_id`, `media_id`, `created_at`) VALUES ('333', '573', '33', '1987-11-28 23:36:35');
INSERT INTO `likes` (`id`, `user_id`, `media_id`, `created_at`) VALUES ('334', '575', '34', '1979-04-30 04:44:18');
INSERT INTO `likes` (`id`, `user_id`, `media_id`, `created_at`) VALUES ('335', '576', '35', '1988-12-20 01:47:42');
INSERT INTO `likes` (`id`, `user_id`, `media_id`, `created_at`) VALUES ('336', '578', '36', '1983-11-28 22:06:01');
INSERT INTO `likes` (`id`, `user_id`, `media_id`, `created_at`) VALUES ('337', '583', '37', '1996-02-09 05:15:51');
INSERT INTO `likes` (`id`, `user_id`, `media_id`, `created_at`) VALUES ('338', '584', '38', '1977-02-17 21:34:42');
INSERT INTO `likes` (`id`, `user_id`, `media_id`, `created_at`) VALUES ('339', '588', '39', '2019-09-14 05:00:43');
INSERT INTO `likes` (`id`, `user_id`, `media_id`, `created_at`) VALUES ('340', '589', '40', '2007-09-26 19:29:09');
INSERT INTO `likes` (`id`, `user_id`, `media_id`, `created_at`) VALUES ('341', '590', '41', '1996-12-11 05:21:59');
INSERT INTO `likes` (`id`, `user_id`, `media_id`, `created_at`) VALUES ('342', '591', '42', '1986-07-10 12:49:22');
INSERT INTO `likes` (`id`, `user_id`, `media_id`, `created_at`) VALUES ('343', '592', '43', '1985-11-26 22:53:51');
INSERT INTO `likes` (`id`, `user_id`, `media_id`, `created_at`) VALUES ('344', '593', '44', '2001-12-14 13:29:18');
INSERT INTO `likes` (`id`, `user_id`, `media_id`, `created_at`) VALUES ('345', '594', '45', '1989-10-30 21:55:47');
INSERT INTO `likes` (`id`, `user_id`, `media_id`, `created_at`) VALUES ('346', '595', '46', '1991-08-31 04:45:34');
INSERT INTO `likes` (`id`, `user_id`, `media_id`, `created_at`) VALUES ('347', '596', '47', '1989-09-15 06:34:11');
INSERT INTO `likes` (`id`, `user_id`, `media_id`, `created_at`) VALUES ('348', '597', '48', '2019-10-06 14:42:56');
INSERT INTO `likes` (`id`, `user_id`, `media_id`, `created_at`) VALUES ('349', '301', '49', '1973-11-14 07:28:44');
INSERT INTO `likes` (`id`, `user_id`, `media_id`, `created_at`) VALUES ('350', '302', '50', '1996-04-02 09:15:23');
INSERT INTO `likes` (`id`, `user_id`, `media_id`, `created_at`) VALUES ('351', '303', '51', '1990-11-08 11:52:41');
INSERT INTO `likes` (`id`, `user_id`, `media_id`, `created_at`) VALUES ('352', '304', '52', '2019-03-08 06:24:26');
INSERT INTO `likes` (`id`, `user_id`, `media_id`, `created_at`) VALUES ('353', '305', '53', '1990-04-30 04:59:32');
INSERT INTO `likes` (`id`, `user_id`, `media_id`, `created_at`) VALUES ('354', '308', '54', '1972-04-02 20:00:14');
INSERT INTO `likes` (`id`, `user_id`, `media_id`, `created_at`) VALUES ('355', '310', '55', '2014-08-05 18:29:16');
INSERT INTO `likes` (`id`, `user_id`, `media_id`, `created_at`) VALUES ('356', '311', '56', '2016-07-15 02:06:27');
INSERT INTO `likes` (`id`, `user_id`, `media_id`, `created_at`) VALUES ('357', '312', '57', '2002-10-27 04:34:26');
INSERT INTO `likes` (`id`, `user_id`, `media_id`, `created_at`) VALUES ('358', '313', '58', '2000-02-16 01:04:47');
INSERT INTO `likes` (`id`, `user_id`, `media_id`, `created_at`) VALUES ('359', '315', '59', '1988-03-06 11:55:55');
INSERT INTO `likes` (`id`, `user_id`, `media_id`, `created_at`) VALUES ('360', '316', '60', '2013-07-26 14:19:56');
INSERT INTO `likes` (`id`, `user_id`, `media_id`, `created_at`) VALUES ('361', '320', '61', '1980-12-28 03:48:18');
INSERT INTO `likes` (`id`, `user_id`, `media_id`, `created_at`) VALUES ('362', '321', '62', '2001-02-09 14:01:27');
INSERT INTO `likes` (`id`, `user_id`, `media_id`, `created_at`) VALUES ('363', '323', '63', '1987-03-18 21:06:17');
INSERT INTO `likes` (`id`, `user_id`, `media_id`, `created_at`) VALUES ('364', '324', '64', '1973-12-29 11:24:58');
INSERT INTO `likes` (`id`, `user_id`, `media_id`, `created_at`) VALUES ('365', '325', '65', '1974-02-08 20:33:43');
INSERT INTO `likes` (`id`, `user_id`, `media_id`, `created_at`) VALUES ('366', '326', '66', '1980-04-21 18:51:03');
INSERT INTO `likes` (`id`, `user_id`, `media_id`, `created_at`) VALUES ('367', '328', '67', '2020-01-02 10:28:39');
INSERT INTO `likes` (`id`, `user_id`, `media_id`, `created_at`) VALUES ('368', '329', '68', '2013-05-18 01:01:17');
INSERT INTO `likes` (`id`, `user_id`, `media_id`, `created_at`) VALUES ('369', '333', '69', '2010-05-31 06:47:25');
INSERT INTO `likes` (`id`, `user_id`, `media_id`, `created_at`) VALUES ('370', '334', '70', '2016-02-20 14:23:21');
INSERT INTO `likes` (`id`, `user_id`, `media_id`, `created_at`) VALUES ('371', '335', '71', '1971-08-24 21:09:14');
INSERT INTO `likes` (`id`, `user_id`, `media_id`, `created_at`) VALUES ('372', '337', '72', '1983-11-14 04:31:03');
INSERT INTO `likes` (`id`, `user_id`, `media_id`, `created_at`) VALUES ('373', '338', '73', '2016-06-16 07:17:34');
INSERT INTO `likes` (`id`, `user_id`, `media_id`, `created_at`) VALUES ('374', '340', '74', '1985-05-25 15:59:35');
INSERT INTO `likes` (`id`, `user_id`, `media_id`, `created_at`) VALUES ('375', '341', '75', '1995-04-15 05:35:59');
INSERT INTO `likes` (`id`, `user_id`, `media_id`, `created_at`) VALUES ('376', '344', '76', '2017-08-03 23:12:51');
INSERT INTO `likes` (`id`, `user_id`, `media_id`, `created_at`) VALUES ('377', '345', '77', '2013-01-30 16:07:43');
INSERT INTO `likes` (`id`, `user_id`, `media_id`, `created_at`) VALUES ('378', '349', '78', '1999-08-11 14:12:23');
INSERT INTO `likes` (`id`, `user_id`, `media_id`, `created_at`) VALUES ('379', '350', '79', '1973-06-14 12:29:09');
INSERT INTO `likes` (`id`, `user_id`, `media_id`, `created_at`) VALUES ('380', '351', '80', '1973-10-20 14:31:25');
INSERT INTO `likes` (`id`, `user_id`, `media_id`, `created_at`) VALUES ('381', '352', '81', '1970-07-13 00:38:10');
INSERT INTO `likes` (`id`, `user_id`, `media_id`, `created_at`) VALUES ('382', '355', '82', '1993-03-17 11:32:44');
INSERT INTO `likes` (`id`, `user_id`, `media_id`, `created_at`) VALUES ('383', '356', '83', '1985-12-05 14:43:44');
INSERT INTO `likes` (`id`, `user_id`, `media_id`, `created_at`) VALUES ('384', '358', '84', '1991-05-30 10:43:09');
INSERT INTO `likes` (`id`, `user_id`, `media_id`, `created_at`) VALUES ('385', '360', '85', '1988-11-27 16:53:48');
INSERT INTO `likes` (`id`, `user_id`, `media_id`, `created_at`) VALUES ('386', '361', '86', '2003-06-11 16:09:42');
INSERT INTO `likes` (`id`, `user_id`, `media_id`, `created_at`) VALUES ('387', '362', '87', '2015-01-01 00:08:29');
INSERT INTO `likes` (`id`, `user_id`, `media_id`, `created_at`) VALUES ('388', '364', '88', '1990-12-04 08:03:38');
INSERT INTO `likes` (`id`, `user_id`, `media_id`, `created_at`) VALUES ('389', '365', '89', '2017-03-30 09:15:18');
INSERT INTO `likes` (`id`, `user_id`, `media_id`, `created_at`) VALUES ('390', '368', '90', '2002-08-22 13:43:30');
INSERT INTO `likes` (`id`, `user_id`, `media_id`, `created_at`) VALUES ('391', '370', '91', '1985-12-10 17:20:31');
INSERT INTO `likes` (`id`, `user_id`, `media_id`, `created_at`) VALUES ('392', '372', '92', '2000-11-05 08:19:18');
INSERT INTO `likes` (`id`, `user_id`, `media_id`, `created_at`) VALUES ('393', '374', '93', '1994-09-25 13:41:50');
INSERT INTO `likes` (`id`, `user_id`, `media_id`, `created_at`) VALUES ('394', '377', '94', '1980-01-22 19:46:49');
INSERT INTO `likes` (`id`, `user_id`, `media_id`, `created_at`) VALUES ('395', '378', '95', '2000-11-14 11:04:41');
INSERT INTO `likes` (`id`, `user_id`, `media_id`, `created_at`) VALUES ('396', '380', '96', '1995-07-30 18:38:15');
INSERT INTO `likes` (`id`, `user_id`, `media_id`, `created_at`) VALUES ('397', '383', '97', '2019-05-23 12:01:43');
INSERT INTO `likes` (`id`, `user_id`, `media_id`, `created_at`) VALUES ('398', '386', '98', '1985-12-18 13:44:29');
INSERT INTO `likes` (`id`, `user_id`, `media_id`, `created_at`) VALUES ('399', '387', '99', '2012-07-12 18:08:12');
INSERT INTO `likes` (`id`, `user_id`, `media_id`, `created_at`) VALUES ('400', '391', '100', '2012-01-28 13:59:29');
INSERT INTO `likes` (`id`, `user_id`, `media_id`, `created_at`) VALUES ('401', '392', '1', '2017-09-10 19:13:27');
INSERT INTO `likes` (`id`, `user_id`, `media_id`, `created_at`) VALUES ('402', '393', '2', '1983-03-03 03:35:29');
INSERT INTO `likes` (`id`, `user_id`, `media_id`, `created_at`) VALUES ('403', '394', '3', '2017-10-29 05:23:17');
INSERT INTO `likes` (`id`, `user_id`, `media_id`, `created_at`) VALUES ('404', '395', '4', '2010-03-08 07:16:04');
INSERT INTO `likes` (`id`, `user_id`, `media_id`, `created_at`) VALUES ('405', '396', '5', '1983-04-18 05:19:03');
INSERT INTO `likes` (`id`, `user_id`, `media_id`, `created_at`) VALUES ('406', '400', '6', '2017-07-08 05:44:14');
INSERT INTO `likes` (`id`, `user_id`, `media_id`, `created_at`) VALUES ('407', '401', '7', '1978-05-11 00:04:12');
INSERT INTO `likes` (`id`, `user_id`, `media_id`, `created_at`) VALUES ('408', '402', '8', '1992-09-12 15:56:32');
INSERT INTO `likes` (`id`, `user_id`, `media_id`, `created_at`) VALUES ('409', '403', '9', '1988-04-08 21:01:30');
INSERT INTO `likes` (`id`, `user_id`, `media_id`, `created_at`) VALUES ('410', '405', '10', '1984-08-19 15:23:57');
INSERT INTO `likes` (`id`, `user_id`, `media_id`, `created_at`) VALUES ('411', '407', '11', '2015-05-13 08:48:43');
INSERT INTO `likes` (`id`, `user_id`, `media_id`, `created_at`) VALUES ('412', '409', '12', '1974-03-04 14:34:46');
INSERT INTO `likes` (`id`, `user_id`, `media_id`, `created_at`) VALUES ('413', '410', '13', '2014-07-31 15:04:52');
INSERT INTO `likes` (`id`, `user_id`, `media_id`, `created_at`) VALUES ('414', '412', '14', '2000-03-09 03:08:14');
INSERT INTO `likes` (`id`, `user_id`, `media_id`, `created_at`) VALUES ('415', '413', '15', '1990-10-18 02:07:58');
INSERT INTO `likes` (`id`, `user_id`, `media_id`, `created_at`) VALUES ('416', '414', '16', '1974-05-03 14:20:57');
INSERT INTO `likes` (`id`, `user_id`, `media_id`, `created_at`) VALUES ('417', '418', '17', '2009-08-17 01:33:47');
INSERT INTO `likes` (`id`, `user_id`, `media_id`, `created_at`) VALUES ('418', '420', '18', '2012-10-04 01:18:06');
INSERT INTO `likes` (`id`, `user_id`, `media_id`, `created_at`) VALUES ('419', '421', '19', '2012-03-15 05:17:28');
INSERT INTO `likes` (`id`, `user_id`, `media_id`, `created_at`) VALUES ('420', '422', '20', '1998-05-03 02:08:25');
INSERT INTO `likes` (`id`, `user_id`, `media_id`, `created_at`) VALUES ('421', '423', '21', '1985-06-11 03:45:42');
INSERT INTO `likes` (`id`, `user_id`, `media_id`, `created_at`) VALUES ('422', '425', '22', '1973-09-27 22:21:34');
INSERT INTO `likes` (`id`, `user_id`, `media_id`, `created_at`) VALUES ('423', '426', '23', '2017-04-27 08:04:40');
INSERT INTO `likes` (`id`, `user_id`, `media_id`, `created_at`) VALUES ('424', '430', '24', '2006-12-27 00:30:44');
INSERT INTO `likes` (`id`, `user_id`, `media_id`, `created_at`) VALUES ('425', '431', '25', '1987-11-24 03:00:32');
INSERT INTO `likes` (`id`, `user_id`, `media_id`, `created_at`) VALUES ('426', '437', '26', '2000-05-08 15:55:33');
INSERT INTO `likes` (`id`, `user_id`, `media_id`, `created_at`) VALUES ('427', '439', '27', '2005-06-11 00:31:33');
INSERT INTO `likes` (`id`, `user_id`, `media_id`, `created_at`) VALUES ('428', '440', '28', '1987-08-05 13:17:56');
INSERT INTO `likes` (`id`, `user_id`, `media_id`, `created_at`) VALUES ('429', '441', '29', '2001-07-02 04:59:54');
INSERT INTO `likes` (`id`, `user_id`, `media_id`, `created_at`) VALUES ('430', '442', '30', '2011-02-06 11:40:47');
INSERT INTO `likes` (`id`, `user_id`, `media_id`, `created_at`) VALUES ('431', '446', '31', '2006-07-05 09:50:36');
INSERT INTO `likes` (`id`, `user_id`, `media_id`, `created_at`) VALUES ('432', '447', '32', '2006-06-24 00:04:14');
INSERT INTO `likes` (`id`, `user_id`, `media_id`, `created_at`) VALUES ('433', '448', '33', '1971-11-30 20:38:19');
INSERT INTO `likes` (`id`, `user_id`, `media_id`, `created_at`) VALUES ('434', '450', '34', '2017-08-29 09:07:57');
INSERT INTO `likes` (`id`, `user_id`, `media_id`, `created_at`) VALUES ('435', '451', '35', '2014-04-19 04:07:18');
INSERT INTO `likes` (`id`, `user_id`, `media_id`, `created_at`) VALUES ('436', '452', '36', '1983-09-29 00:56:09');
INSERT INTO `likes` (`id`, `user_id`, `media_id`, `created_at`) VALUES ('437', '456', '37', '1978-03-23 00:16:41');
INSERT INTO `likes` (`id`, `user_id`, `media_id`, `created_at`) VALUES ('438', '457', '38', '2018-07-24 16:14:37');
INSERT INTO `likes` (`id`, `user_id`, `media_id`, `created_at`) VALUES ('439', '458', '39', '2016-04-06 05:48:28');
INSERT INTO `likes` (`id`, `user_id`, `media_id`, `created_at`) VALUES ('440', '459', '40', '1982-12-14 17:43:26');
INSERT INTO `likes` (`id`, `user_id`, `media_id`, `created_at`) VALUES ('441', '460', '41', '1970-01-09 01:02:19');
INSERT INTO `likes` (`id`, `user_id`, `media_id`, `created_at`) VALUES ('442', '461', '42', '2009-05-16 02:03:45');
INSERT INTO `likes` (`id`, `user_id`, `media_id`, `created_at`) VALUES ('443', '463', '43', '1970-08-07 01:02:00');
INSERT INTO `likes` (`id`, `user_id`, `media_id`, `created_at`) VALUES ('444', '464', '44', '1982-11-25 10:02:32');
INSERT INTO `likes` (`id`, `user_id`, `media_id`, `created_at`) VALUES ('445', '466', '45', '2020-08-03 14:47:24');
INSERT INTO `likes` (`id`, `user_id`, `media_id`, `created_at`) VALUES ('446', '467', '46', '1999-06-30 05:06:00');
INSERT INTO `likes` (`id`, `user_id`, `media_id`, `created_at`) VALUES ('447', '468', '47', '2002-04-10 08:06:57');
INSERT INTO `likes` (`id`, `user_id`, `media_id`, `created_at`) VALUES ('448', '469', '48', '2005-10-13 15:30:22');
INSERT INTO `likes` (`id`, `user_id`, `media_id`, `created_at`) VALUES ('449', '470', '49', '1985-08-12 04:15:20');
INSERT INTO `likes` (`id`, `user_id`, `media_id`, `created_at`) VALUES ('450', '474', '50', '1997-08-01 16:46:33');
INSERT INTO `likes` (`id`, `user_id`, `media_id`, `created_at`) VALUES ('451', '479', '51', '2000-10-24 12:45:30');
INSERT INTO `likes` (`id`, `user_id`, `media_id`, `created_at`) VALUES ('452', '480', '52', '1998-10-28 06:05:10');
INSERT INTO `likes` (`id`, `user_id`, `media_id`, `created_at`) VALUES ('453', '482', '53', '2014-05-10 21:54:41');
INSERT INTO `likes` (`id`, `user_id`, `media_id`, `created_at`) VALUES ('454', '483', '54', '1980-09-11 21:10:40');
INSERT INTO `likes` (`id`, `user_id`, `media_id`, `created_at`) VALUES ('455', '484', '55', '2003-09-14 13:07:36');
INSERT INTO `likes` (`id`, `user_id`, `media_id`, `created_at`) VALUES ('456', '487', '56', '1984-05-26 13:20:12');
INSERT INTO `likes` (`id`, `user_id`, `media_id`, `created_at`) VALUES ('457', '491', '57', '1985-06-20 14:36:10');
INSERT INTO `likes` (`id`, `user_id`, `media_id`, `created_at`) VALUES ('458', '492', '58', '1976-12-05 15:53:28');
INSERT INTO `likes` (`id`, `user_id`, `media_id`, `created_at`) VALUES ('459', '493', '59', '1995-09-23 18:38:43');
INSERT INTO `likes` (`id`, `user_id`, `media_id`, `created_at`) VALUES ('460', '494', '60', '2013-04-21 00:14:02');
INSERT INTO `likes` (`id`, `user_id`, `media_id`, `created_at`) VALUES ('461', '496', '61', '1976-11-18 15:33:42');
INSERT INTO `likes` (`id`, `user_id`, `media_id`, `created_at`) VALUES ('462', '497', '62', '1982-06-02 08:31:25');
INSERT INTO `likes` (`id`, `user_id`, `media_id`, `created_at`) VALUES ('463', '498', '63', '1974-07-07 02:23:47');
INSERT INTO `likes` (`id`, `user_id`, `media_id`, `created_at`) VALUES ('464', '500', '64', '1989-04-30 15:51:47');
INSERT INTO `likes` (`id`, `user_id`, `media_id`, `created_at`) VALUES ('465', '501', '65', '1981-04-11 17:09:49');
INSERT INTO `likes` (`id`, `user_id`, `media_id`, `created_at`) VALUES ('466', '503', '66', '1970-01-22 21:28:24');
INSERT INTO `likes` (`id`, `user_id`, `media_id`, `created_at`) VALUES ('467', '504', '67', '1999-04-16 21:08:24');
INSERT INTO `likes` (`id`, `user_id`, `media_id`, `created_at`) VALUES ('468', '505', '68', '2004-01-09 20:57:05');
INSERT INTO `likes` (`id`, `user_id`, `media_id`, `created_at`) VALUES ('469', '507', '69', '1983-02-19 07:17:17');
INSERT INTO `likes` (`id`, `user_id`, `media_id`, `created_at`) VALUES ('470', '508', '70', '2020-11-23 03:20:09');
INSERT INTO `likes` (`id`, `user_id`, `media_id`, `created_at`) VALUES ('471', '509', '71', '1989-10-07 07:51:01');
INSERT INTO `likes` (`id`, `user_id`, `media_id`, `created_at`) VALUES ('472', '510', '72', '1975-10-01 02:31:53');
INSERT INTO `likes` (`id`, `user_id`, `media_id`, `created_at`) VALUES ('473', '511', '73', '1987-03-06 22:13:58');
INSERT INTO `likes` (`id`, `user_id`, `media_id`, `created_at`) VALUES ('474', '513', '74', '1977-09-14 18:27:58');
INSERT INTO `likes` (`id`, `user_id`, `media_id`, `created_at`) VALUES ('475', '514', '75', '2015-02-14 12:12:38');
INSERT INTO `likes` (`id`, `user_id`, `media_id`, `created_at`) VALUES ('476', '515', '76', '2017-06-25 05:44:49');
INSERT INTO `likes` (`id`, `user_id`, `media_id`, `created_at`) VALUES ('477', '517', '77', '2001-11-16 20:15:03');
INSERT INTO `likes` (`id`, `user_id`, `media_id`, `created_at`) VALUES ('478', '519', '78', '2015-04-10 21:26:36');
INSERT INTO `likes` (`id`, `user_id`, `media_id`, `created_at`) VALUES ('479', '520', '79', '2011-10-24 12:51:29');
INSERT INTO `likes` (`id`, `user_id`, `media_id`, `created_at`) VALUES ('480', '521', '80', '2019-12-20 20:09:31');
INSERT INTO `likes` (`id`, `user_id`, `media_id`, `created_at`) VALUES ('481', '522', '81', '1973-09-20 04:16:40');
INSERT INTO `likes` (`id`, `user_id`, `media_id`, `created_at`) VALUES ('482', '525', '82', '2016-01-16 02:38:39');
INSERT INTO `likes` (`id`, `user_id`, `media_id`, `created_at`) VALUES ('483', '526', '83', '2009-12-27 09:56:25');
INSERT INTO `likes` (`id`, `user_id`, `media_id`, `created_at`) VALUES ('484', '527', '84', '2017-07-11 06:16:22');
INSERT INTO `likes` (`id`, `user_id`, `media_id`, `created_at`) VALUES ('485', '528', '85', '2014-05-05 20:35:59');
INSERT INTO `likes` (`id`, `user_id`, `media_id`, `created_at`) VALUES ('486', '529', '86', '2013-01-28 04:23:29');
INSERT INTO `likes` (`id`, `user_id`, `media_id`, `created_at`) VALUES ('487', '530', '87', '1994-06-24 10:30:56');
INSERT INTO `likes` (`id`, `user_id`, `media_id`, `created_at`) VALUES ('488', '531', '88', '2002-08-20 08:38:44');
INSERT INTO `likes` (`id`, `user_id`, `media_id`, `created_at`) VALUES ('489', '535', '89', '2014-04-30 13:40:11');
INSERT INTO `likes` (`id`, `user_id`, `media_id`, `created_at`) VALUES ('490', '536', '90', '2004-05-01 03:08:18');
INSERT INTO `likes` (`id`, `user_id`, `media_id`, `created_at`) VALUES ('491', '539', '91', '1978-02-28 20:06:29');
INSERT INTO `likes` (`id`, `user_id`, `media_id`, `created_at`) VALUES ('492', '540', '92', '1971-12-28 05:18:26');
INSERT INTO `likes` (`id`, `user_id`, `media_id`, `created_at`) VALUES ('493', '542', '93', '1971-09-26 09:12:08');
INSERT INTO `likes` (`id`, `user_id`, `media_id`, `created_at`) VALUES ('494', '545', '94', '1990-04-20 04:14:10');
INSERT INTO `likes` (`id`, `user_id`, `media_id`, `created_at`) VALUES ('495', '546', '95', '2004-09-30 22:09:53');
INSERT INTO `likes` (`id`, `user_id`, `media_id`, `created_at`) VALUES ('496', '547', '96', '2017-12-23 09:53:37');
INSERT INTO `likes` (`id`, `user_id`, `media_id`, `created_at`) VALUES ('497', '550', '97', '1990-05-19 15:10:51');
INSERT INTO `likes` (`id`, `user_id`, `media_id`, `created_at`) VALUES ('498', '551', '98', '2002-03-04 09:17:18');
INSERT INTO `likes` (`id`, `user_id`, `media_id`, `created_at`) VALUES ('499', '555', '99', '2011-03-08 17:43:59');
INSERT INTO `likes` (`id`, `user_id`, `media_id`, `created_at`) VALUES ('500', '558', '100', '2001-08-19 18:27:27');


#
# TABLE STRUCTURE FOR: messages
#

DROP TABLE IF EXISTS `messages`;

CREATE TABLE `messages` (
  `id` bigint(20) unsigned NOT NULL AUTO_INCREMENT,
  `from_user_id` bigint(20) unsigned NOT NULL,
  `to_user_id` bigint(20) unsigned NOT NULL,
  `body` text COLLATE utf8mb4_unicode_ci DEFAULT NULL,
  `created_at` datetime DEFAULT current_timestamp(),
  UNIQUE KEY `id` (`id`),
  KEY `from_user_id` (`from_user_id`),
  KEY `to_user_id` (`to_user_id`),
  CONSTRAINT `messages_ibfk_1` FOREIGN KEY (`from_user_id`) REFERENCES `users` (`id`),
  CONSTRAINT `messages_ibfk_2` FOREIGN KEY (`to_user_id`) REFERENCES `users` (`id`)
) ENGINE=InnoDB AUTO_INCREMENT=301 DEFAULT CHARSET=utf8mb4 COLLATE=utf8mb4_unicode_ci;

INSERT INTO `messages` (`id`, `from_user_id`, `to_user_id`, `body`, `created_at`) VALUES ('1', '301', '301', 'Ratione culpa commodi sequi voluptas et. Nesciunt non eos rerum sapiente molestiae hic fugiat. Expedita optio sint harum sunt quam.', '1976-12-08 17:22:50');
INSERT INTO `messages` (`id`, `from_user_id`, `to_user_id`, `body`, `created_at`) VALUES ('2', '302', '302', 'Dolores nostrum architecto neque sunt aut accusamus. Et nemo aut est quo est. Tempora non voluptatem ducimus.', '1983-11-30 17:07:04');
INSERT INTO `messages` (`id`, `from_user_id`, `to_user_id`, `body`, `created_at`) VALUES ('3', '303', '303', 'Dicta et qui et amet ipsa. Sequi molestiae ratione facere ut iste quas. Et nihil qui perspiciatis. Ea voluptate qui cum facilis adipisci doloremque.', '2002-12-13 13:08:38');
INSERT INTO `messages` (`id`, `from_user_id`, `to_user_id`, `body`, `created_at`) VALUES ('4', '304', '304', 'Temporibus qui atque sit vel recusandae qui. Quibusdam magnam id corporis vero fugiat. Sed maiores explicabo rerum tempora recusandae suscipit minus non.', '1979-03-31 10:13:56');
INSERT INTO `messages` (`id`, `from_user_id`, `to_user_id`, `body`, `created_at`) VALUES ('5', '305', '305', 'Quia nulla qui ea modi. Natus deserunt labore sit consequatur. Sed est dolore libero quam quia. Esse repudiandae ut nam et rerum.', '1977-10-26 00:55:09');
INSERT INTO `messages` (`id`, `from_user_id`, `to_user_id`, `body`, `created_at`) VALUES ('6', '308', '308', 'Esse est consequatur debitis voluptates. Quia et molestias iusto alias. Ullam odio dolor ea molestiae enim.', '1976-05-18 16:40:13');
INSERT INTO `messages` (`id`, `from_user_id`, `to_user_id`, `body`, `created_at`) VALUES ('7', '310', '310', 'Consectetur culpa velit quod. Rem cumque delectus sed velit provident pariatur numquam. Itaque nihil porro quod repudiandae ea est aut.', '2021-03-10 11:05:48');
INSERT INTO `messages` (`id`, `from_user_id`, `to_user_id`, `body`, `created_at`) VALUES ('8', '311', '311', 'Ad amet repudiandae est sit. Voluptas numquam ipsum debitis facere sapiente sequi maiores minus. Perferendis non dolorum libero pariatur in.', '2013-08-21 05:50:26');
INSERT INTO `messages` (`id`, `from_user_id`, `to_user_id`, `body`, `created_at`) VALUES ('9', '312', '312', 'Exercitationem molestiae ipsam temporibus tenetur laudantium. Sapiente quam enim vitae dolorum modi minima. Dolores debitis similique iste hic odit. Quia est atque fugiat nulla et nesciunt.', '1985-05-03 21:34:36');
INSERT INTO `messages` (`id`, `from_user_id`, `to_user_id`, `body`, `created_at`) VALUES ('10', '313', '313', 'Incidunt enim eligendi soluta. Tenetur sapiente vitae est debitis rerum hic aperiam. Quod in reprehenderit occaecati aut.', '1979-11-01 09:00:36');
INSERT INTO `messages` (`id`, `from_user_id`, `to_user_id`, `body`, `created_at`) VALUES ('11', '315', '315', 'Quaerat error ipsam et. Sunt repudiandae aliquam consequatur similique nihil fuga voluptatem. Ut enim doloremque exercitationem vel. Commodi molestiae perferendis hic eius.', '2012-10-17 05:56:54');
INSERT INTO `messages` (`id`, `from_user_id`, `to_user_id`, `body`, `created_at`) VALUES ('12', '316', '316', 'Ut maiores assumenda suscipit commodi minus voluptatem vel dicta. Porro et totam deserunt nisi. Minima vel atque nostrum ipsum odio nihil. Assumenda sed voluptate vel voluptatem aperiam perferendis laboriosam vitae.', '1995-08-20 06:01:29');
INSERT INTO `messages` (`id`, `from_user_id`, `to_user_id`, `body`, `created_at`) VALUES ('13', '320', '320', 'Dicta nulla explicabo unde qui praesentium praesentium totam. Omnis dolor culpa in voluptatem. Exercitationem maxime voluptate consectetur quas laborum culpa et illo.', '2011-08-01 22:12:12');
INSERT INTO `messages` (`id`, `from_user_id`, `to_user_id`, `body`, `created_at`) VALUES ('14', '321', '321', 'Saepe ut dicta eius excepturi molestiae et. Soluta deleniti nemo voluptas. Odit assumenda minus illo cumque vel soluta veniam. Est quo maiores neque tempore maiores recusandae.', '2020-06-18 10:16:25');
INSERT INTO `messages` (`id`, `from_user_id`, `to_user_id`, `body`, `created_at`) VALUES ('15', '323', '323', 'Sapiente reiciendis omnis vero. Et alias et doloremque natus sint cupiditate dolore. Eos facilis dolorem quasi minus. Placeat libero libero et corrupti.', '1996-10-14 10:07:56');
INSERT INTO `messages` (`id`, `from_user_id`, `to_user_id`, `body`, `created_at`) VALUES ('16', '324', '324', 'Ea quis beatae culpa deleniti voluptatem laborum. Vel exercitationem eligendi perferendis aperiam unde laboriosam repellat. Praesentium voluptas quia incidunt libero qui qui ducimus. Animi omnis tenetur voluptas laborum ratione ipsum rem.', '2009-12-08 10:53:52');
INSERT INTO `messages` (`id`, `from_user_id`, `to_user_id`, `body`, `created_at`) VALUES ('17', '325', '325', 'Enim quasi quidem sit. Doloremque doloremque a ipsum eos a consequatur soluta.', '1992-10-11 12:16:53');
INSERT INTO `messages` (`id`, `from_user_id`, `to_user_id`, `body`, `created_at`) VALUES ('18', '326', '326', 'Enim omnis dolore quam voluptas culpa. Et eligendi dolorem blanditiis. Ipsa laborum nihil dolores voluptas. Perferendis minus aut optio in quibusdam sit in consequatur.', '1989-07-02 07:13:54');
INSERT INTO `messages` (`id`, `from_user_id`, `to_user_id`, `body`, `created_at`) VALUES ('19', '328', '328', 'Officiis occaecati voluptate incidunt deleniti veniam voluptatibus nobis. Quasi quia possimus cum ab molestiae qui iusto. Et dolore ipsa sint a.', '2008-03-24 01:35:46');
INSERT INTO `messages` (`id`, `from_user_id`, `to_user_id`, `body`, `created_at`) VALUES ('20', '329', '329', 'Ea nisi deleniti dolore. Eos quasi qui asperiores mollitia ex fugiat. Atque velit sed dolor et nam aut. Iusto blanditiis ipsa dolorem odio.', '1996-06-25 06:08:50');
INSERT INTO `messages` (`id`, `from_user_id`, `to_user_id`, `body`, `created_at`) VALUES ('21', '333', '333', 'Recusandae rerum ut illum vero. Labore explicabo voluptas similique pariatur voluptatem. Odio odio totam cum cumque eos. Aperiam cumque commodi numquam pariatur.', '1984-08-29 20:10:16');
INSERT INTO `messages` (`id`, `from_user_id`, `to_user_id`, `body`, `created_at`) VALUES ('22', '334', '334', 'Voluptatem mollitia inventore voluptas. Sapiente officiis voluptatem doloremque dolorem officiis. Repellendus qui fugiat enim voluptatibus.', '2018-04-13 22:25:24');
INSERT INTO `messages` (`id`, `from_user_id`, `to_user_id`, `body`, `created_at`) VALUES ('23', '335', '335', 'Nobis error inventore labore velit non pariatur. Natus laudantium fuga vero eos dignissimos magni nobis vel. Vel quo tenetur incidunt aut fugiat voluptatem velit expedita. Soluta ducimus voluptatum necessitatibus voluptatibus.', '1973-05-06 10:43:33');
INSERT INTO `messages` (`id`, `from_user_id`, `to_user_id`, `body`, `created_at`) VALUES ('24', '337', '337', 'Maiores consectetur ad qui rerum. Cupiditate et autem et rem quia. Veritatis ipsa ut nostrum et.', '1985-11-19 00:20:31');
INSERT INTO `messages` (`id`, `from_user_id`, `to_user_id`, `body`, `created_at`) VALUES ('25', '338', '338', 'Dignissimos cumque quo omnis voluptas quia id. Ut iste doloremque corrupti velit.', '1977-05-20 01:51:48');
INSERT INTO `messages` (`id`, `from_user_id`, `to_user_id`, `body`, `created_at`) VALUES ('26', '340', '340', 'Aliquid et modi ad sunt. Numquam enim rerum aut laudantium numquam vel. Nesciunt ducimus quia enim voluptatem laboriosam sed ex.', '1982-01-29 21:02:37');
INSERT INTO `messages` (`id`, `from_user_id`, `to_user_id`, `body`, `created_at`) VALUES ('27', '341', '341', 'Qui eum eos in expedita autem corporis. Rerum sed praesentium ut quos aliquam. Mollitia non illum sed eveniet occaecati est ipsa nobis.', '1981-03-06 12:21:43');
INSERT INTO `messages` (`id`, `from_user_id`, `to_user_id`, `body`, `created_at`) VALUES ('28', '344', '344', 'Voluptas ut suscipit optio non. Quis explicabo nesciunt distinctio ad.', '1997-12-12 07:41:15');
INSERT INTO `messages` (`id`, `from_user_id`, `to_user_id`, `body`, `created_at`) VALUES ('29', '345', '345', 'Quibusdam natus facilis itaque officia neque. Cumque voluptatem omnis sequi sequi distinctio ea iusto. Quo rerum omnis ut qui numquam illum accusamus autem. Cumque impedit sint commodi quia.', '1984-04-03 03:59:05');
INSERT INTO `messages` (`id`, `from_user_id`, `to_user_id`, `body`, `created_at`) VALUES ('30', '349', '349', 'Amet quo dolorum magni tempore eius deserunt. Quaerat autem eius voluptas.', '1994-07-02 12:25:48');
INSERT INTO `messages` (`id`, `from_user_id`, `to_user_id`, `body`, `created_at`) VALUES ('31', '350', '350', 'Nemo quo enim ducimus dolore dignissimos repudiandae incidunt. Possimus consequuntur est nesciunt voluptas explicabo. Tempora fugiat sint aut vel molestiae dicta. Incidunt et aspernatur dolores autem.', '2016-08-08 17:27:28');
INSERT INTO `messages` (`id`, `from_user_id`, `to_user_id`, `body`, `created_at`) VALUES ('32', '351', '351', 'Ullam esse maxime qui quia iste. Magni cumque deleniti omnis eos. Et ducimus iure quam voluptas ea molestiae in.', '2003-08-12 18:41:36');
INSERT INTO `messages` (`id`, `from_user_id`, `to_user_id`, `body`, `created_at`) VALUES ('33', '352', '352', 'Quasi delectus corrupti sed consequuntur et itaque. Pariatur consectetur qui qui aut id dignissimos. Assumenda quo in corrupti.', '1981-03-20 16:04:06');
INSERT INTO `messages` (`id`, `from_user_id`, `to_user_id`, `body`, `created_at`) VALUES ('34', '355', '355', 'Iste ducimus blanditiis voluptas aut maiores. Est atque possimus ut voluptatem ut. Voluptatem in hic occaecati dignissimos eum consequatur esse. Ut atque omnis et dolorum. Magni saepe totam repellendus totam cum.', '2013-04-01 04:51:18');
INSERT INTO `messages` (`id`, `from_user_id`, `to_user_id`, `body`, `created_at`) VALUES ('35', '356', '356', 'Dignissimos quam id ut amet voluptatem et nostrum. Esse atque facere voluptatem repudiandae facilis sint libero. Voluptatem id fugit dicta animi corporis incidunt sit.', '1987-03-04 18:03:47');
INSERT INTO `messages` (`id`, `from_user_id`, `to_user_id`, `body`, `created_at`) VALUES ('36', '358', '358', 'Et dolorem eaque reprehenderit sunt accusamus. Nemo voluptas odio dolor in. Et odio exercitationem suscipit vel provident.', '2009-03-31 07:43:12');
INSERT INTO `messages` (`id`, `from_user_id`, `to_user_id`, `body`, `created_at`) VALUES ('37', '360', '360', 'Qui aliquam omnis adipisci eos deleniti consectetur. Quia dolore consequatur unde voluptas accusantium numquam tempore. Omnis architecto voluptatem aspernatur soluta.', '1974-11-12 04:22:24');
INSERT INTO `messages` (`id`, `from_user_id`, `to_user_id`, `body`, `created_at`) VALUES ('38', '361', '361', 'Molestiae ad temporibus non quo incidunt in. At illo et labore sint quas. Eligendi id quas quasi et. Ducimus accusamus et eius quas. Laboriosam veritatis cupiditate velit illo aspernatur pariatur.', '1971-11-05 18:07:06');
INSERT INTO `messages` (`id`, `from_user_id`, `to_user_id`, `body`, `created_at`) VALUES ('39', '362', '362', 'Dignissimos porro optio quia alias vel ut sit. Rem rerum est nemo debitis voluptas. Enim atque iste ipsa placeat dignissimos. Repellendus aut quo sequi ipsa est deleniti exercitationem.', '1988-11-16 09:41:56');
INSERT INTO `messages` (`id`, `from_user_id`, `to_user_id`, `body`, `created_at`) VALUES ('40', '364', '364', 'In nihil doloribus iusto libero quia sapiente eius ducimus. Id exercitationem sit et beatae sed iure. Dolor asperiores quae perspiciatis voluptatem enim.', '1970-12-23 17:36:06');
INSERT INTO `messages` (`id`, `from_user_id`, `to_user_id`, `body`, `created_at`) VALUES ('41', '365', '365', 'Suscipit soluta sit sint. Sunt ex amet sed dolorem officia saepe sit sunt.', '1979-05-23 06:34:29');
INSERT INTO `messages` (`id`, `from_user_id`, `to_user_id`, `body`, `created_at`) VALUES ('42', '368', '368', 'Magnam voluptas temporibus aut est. Eius qui maiores et est facilis quia dolor. Sit animi perspiciatis incidunt tenetur pariatur. Dolorem veniam sed rerum aut error. Asperiores nihil consequuntur omnis impedit.', '1971-02-20 07:27:15');
INSERT INTO `messages` (`id`, `from_user_id`, `to_user_id`, `body`, `created_at`) VALUES ('43', '370', '370', 'Laudantium autem cumque delectus qui consequuntur. Maxime ex molestiae aut laudantium est dolorum.', '2013-11-25 11:02:09');
INSERT INTO `messages` (`id`, `from_user_id`, `to_user_id`, `body`, `created_at`) VALUES ('44', '372', '372', 'Eveniet impedit et eum voluptate fugiat. Aliquam dolorem dolores quo doloribus quia quaerat impedit. A omnis eum quia molestiae velit reprehenderit assumenda. Dolores laborum aut assumenda magnam tenetur in ut hic.', '2010-12-16 20:20:37');
INSERT INTO `messages` (`id`, `from_user_id`, `to_user_id`, `body`, `created_at`) VALUES ('45', '374', '374', 'Qui ipsam sed qui est. Voluptatem et et facere quis et. Doloribus atque rem eum et dolorem doloribus.', '2008-07-05 19:59:37');
INSERT INTO `messages` (`id`, `from_user_id`, `to_user_id`, `body`, `created_at`) VALUES ('46', '377', '377', 'Suscipit et repudiandae sint dolore. Alias aut tempora iure totam rerum illum. Cumque quaerat ut culpa et.', '2016-05-26 14:17:01');
INSERT INTO `messages` (`id`, `from_user_id`, `to_user_id`, `body`, `created_at`) VALUES ('47', '378', '378', 'Sit aut et debitis aut sed. Ipsa eligendi libero quia sit est.', '1994-05-27 18:31:34');
INSERT INTO `messages` (`id`, `from_user_id`, `to_user_id`, `body`, `created_at`) VALUES ('48', '380', '380', 'Odit laudantium quod natus. Quam nobis ea odio odit enim beatae dolorem dicta. Eius non neque voluptatum qui minima. Molestiae ut omnis molestias debitis dolore ad.', '2006-10-30 14:26:24');
INSERT INTO `messages` (`id`, `from_user_id`, `to_user_id`, `body`, `created_at`) VALUES ('49', '383', '383', 'Unde ea quasi dolor non illo explicabo voluptatem dolore. Architecto earum expedita minus cum molestias. Non blanditiis et aut velit aperiam iusto. Minus reiciendis sequi accusantium sint qui quia.', '2003-06-08 05:06:34');
INSERT INTO `messages` (`id`, `from_user_id`, `to_user_id`, `body`, `created_at`) VALUES ('50', '386', '386', 'Quam omnis iure cum. Et architecto soluta quis et. Repudiandae iste nihil voluptas ipsum. Sunt quia enim animi aut rem harum ad.', '1977-08-10 20:54:49');
INSERT INTO `messages` (`id`, `from_user_id`, `to_user_id`, `body`, `created_at`) VALUES ('51', '387', '387', 'Consequatur rerum nam debitis consequatur maiores qui optio. Enim eos nisi autem odit inventore. Rerum excepturi voluptatem aspernatur facere. Accusantium optio alias iusto quis ipsa quasi sed.', '2012-06-06 02:48:24');
INSERT INTO `messages` (`id`, `from_user_id`, `to_user_id`, `body`, `created_at`) VALUES ('52', '391', '391', 'Ullam iste et tempora incidunt. Dolorum magnam repudiandae voluptas nemo. Omnis officia doloribus autem accusamus pariatur. Sint voluptas asperiores voluptas consectetur fugit.', '2004-04-18 03:44:51');
INSERT INTO `messages` (`id`, `from_user_id`, `to_user_id`, `body`, `created_at`) VALUES ('53', '392', '392', 'Minus nam dignissimos ut vitae temporibus debitis. Qui vero error dolor corrupti. Et est nam voluptas sapiente veniam sed. Reprehenderit reprehenderit quae molestiae quasi velit totam officiis veniam.', '1977-08-10 14:26:00');
INSERT INTO `messages` (`id`, `from_user_id`, `to_user_id`, `body`, `created_at`) VALUES ('54', '393', '393', 'Aut sed quia at quas. Nesciunt est voluptatem vero vel. Autem vero recusandae voluptas sed cumque vitae dolores. Rerum quam tenetur aut non vel eaque quia aut.', '2014-06-08 23:49:39');
INSERT INTO `messages` (`id`, `from_user_id`, `to_user_id`, `body`, `created_at`) VALUES ('55', '394', '394', 'Et at voluptate consequatur modi ut placeat earum voluptatibus. Magni culpa est culpa. Sunt et molestias totam ducimus mollitia labore esse accusamus. Ea ex rerum facilis neque delectus cum est. Itaque deleniti iste dolor recusandae.', '1973-05-22 20:11:11');
INSERT INTO `messages` (`id`, `from_user_id`, `to_user_id`, `body`, `created_at`) VALUES ('56', '395', '395', 'Sapiente aut ut aliquid ab aspernatur vero. Quia voluptatem commodi ex magnam. Voluptatibus blanditiis vel est sint accusamus dicta. Exercitationem sunt molestiae ipsam.', '1978-01-19 09:31:22');
INSERT INTO `messages` (`id`, `from_user_id`, `to_user_id`, `body`, `created_at`) VALUES ('57', '396', '396', 'Dolorem a eveniet reiciendis voluptas voluptates itaque. Aut dolores itaque dolorem ut illum impedit quia. Et assumenda modi culpa magni repellendus sint cum praesentium.', '1998-08-04 16:14:08');
INSERT INTO `messages` (`id`, `from_user_id`, `to_user_id`, `body`, `created_at`) VALUES ('58', '400', '400', 'Accusantium sunt optio est dolores. Laudantium quo magni molestiae laborum. Pariatur incidunt vel molestias. Atque cumque eum nesciunt architecto voluptatem ex ad vel.', '2015-01-05 07:04:04');
INSERT INTO `messages` (`id`, `from_user_id`, `to_user_id`, `body`, `created_at`) VALUES ('59', '401', '401', 'Maiores qui deserunt ut eum. Ut et dolorem blanditiis sunt eum nobis veritatis. Incidunt dolorem a perferendis quasi sunt. Voluptatibus exercitationem perferendis id quisquam et recusandae.', '1999-07-27 22:19:49');
INSERT INTO `messages` (`id`, `from_user_id`, `to_user_id`, `body`, `created_at`) VALUES ('60', '402', '402', 'Illum fugiat nostrum eaque commodi nisi. Aut maxime consequatur dolor non dolor enim quam. Dolor et assumenda suscipit et omnis.', '2007-02-19 00:02:24');
INSERT INTO `messages` (`id`, `from_user_id`, `to_user_id`, `body`, `created_at`) VALUES ('61', '403', '403', 'Laudantium ab libero tempore ipsa delectus non. Recusandae aspernatur libero sit qui saepe enim. Eos et est suscipit earum.', '1977-04-01 22:36:19');
INSERT INTO `messages` (`id`, `from_user_id`, `to_user_id`, `body`, `created_at`) VALUES ('62', '405', '405', 'Laboriosam error natus rem hic ut. Magnam aut est et explicabo praesentium explicabo sequi. Eos voluptatem modi voluptatem optio. Odio rerum quasi et sit amet dicta recusandae aliquam.', '2002-05-23 05:16:10');
INSERT INTO `messages` (`id`, `from_user_id`, `to_user_id`, `body`, `created_at`) VALUES ('63', '407', '407', 'Dolor dolores et dolores et nisi consectetur ab porro. Rerum consequatur minus nihil. Ipsa vel in hic. Magnam voluptatibus laboriosam facere exercitationem soluta sint fugit.', '2009-11-29 09:58:55');
INSERT INTO `messages` (`id`, `from_user_id`, `to_user_id`, `body`, `created_at`) VALUES ('64', '409', '409', 'Praesentium aut voluptatum aliquam qui. Quia sint et qui natus maiores qui. Qui porro voluptatum et laborum illo provident voluptatem non. Provident deserunt et et.', '2017-03-27 12:28:15');
INSERT INTO `messages` (`id`, `from_user_id`, `to_user_id`, `body`, `created_at`) VALUES ('65', '410', '410', 'Dolorem unde quia est fugiat atque. Ut et aspernatur quibusdam. Laborum voluptates minima impedit ea sit id dolorum. Dolorum incidunt aut inventore aut.', '2005-05-09 12:30:21');
INSERT INTO `messages` (`id`, `from_user_id`, `to_user_id`, `body`, `created_at`) VALUES ('66', '412', '412', 'Recusandae non et iste harum consectetur excepturi. Dolores illo iusto architecto perferendis saepe. Et perferendis dolore molestiae.', '1999-08-28 09:01:08');
INSERT INTO `messages` (`id`, `from_user_id`, `to_user_id`, `body`, `created_at`) VALUES ('67', '413', '413', 'Numquam doloremque ipsam molestiae quidem voluptatibus. In quod sit minus. Quia id porro odio. Eum autem ut consequatur aut iste saepe commodi.', '2008-05-16 13:11:37');
INSERT INTO `messages` (`id`, `from_user_id`, `to_user_id`, `body`, `created_at`) VALUES ('68', '414', '414', 'Nihil repellat eum omnis et deleniti soluta. Numquam voluptatem suscipit ea veritatis distinctio assumenda a. Aut eos quis voluptas rem ut eaque.', '2011-08-28 05:57:06');
INSERT INTO `messages` (`id`, `from_user_id`, `to_user_id`, `body`, `created_at`) VALUES ('69', '418', '418', 'Molestias perspiciatis qui vero soluta quasi amet enim. Aut culpa fugiat non magni. Qui ut corporis qui sunt.', '2009-04-05 18:01:44');
INSERT INTO `messages` (`id`, `from_user_id`, `to_user_id`, `body`, `created_at`) VALUES ('70', '420', '420', 'Non quasi voluptatem deserunt et aliquid ab qui. Debitis et ea veniam. Ut ab suscipit accusantium et dolore dicta. Error dolores numquam dolore.', '2003-08-20 18:39:11');
INSERT INTO `messages` (`id`, `from_user_id`, `to_user_id`, `body`, `created_at`) VALUES ('71', '421', '421', 'Culpa et corrupti rerum quam. Rem placeat aut placeat deserunt. Omnis in quidem sunt. Voluptatibus voluptas aut et et omnis suscipit. Assumenda expedita veritatis laboriosam odit.', '1970-05-16 06:36:01');
INSERT INTO `messages` (`id`, `from_user_id`, `to_user_id`, `body`, `created_at`) VALUES ('72', '422', '422', 'Molestiae sunt rerum est soluta sed consectetur ullam. Vitae repellat ex quam nemo ut architecto consectetur. Praesentium harum voluptas doloremque aut nam. Non optio ad architecto inventore nihil. Aut sapiente fugiat quaerat mollitia fuga illo omnis.', '2020-02-18 18:35:23');
INSERT INTO `messages` (`id`, `from_user_id`, `to_user_id`, `body`, `created_at`) VALUES ('73', '423', '423', 'Asperiores dolorum est aut qui numquam ipsa et. Quis fugiat laboriosam voluptas placeat asperiores consequuntur aspernatur. Alias molestiae odit in nobis. Esse voluptatem laborum voluptas non deleniti.', '2011-04-18 15:01:01');
INSERT INTO `messages` (`id`, `from_user_id`, `to_user_id`, `body`, `created_at`) VALUES ('74', '425', '425', 'Quisquam impedit cum qui et consectetur. Reprehenderit ut consequatur veniam explicabo est deserunt modi. Porro consequatur delectus provident consequatur. Debitis nisi voluptas velit consequatur.', '1992-10-22 04:04:10');
INSERT INTO `messages` (`id`, `from_user_id`, `to_user_id`, `body`, `created_at`) VALUES ('75', '426', '426', 'Quia fugit et quas id molestiae. Quos ea magnam expedita. Dolorem ullam aut qui reiciendis culpa non et.', '1975-02-07 10:43:20');
INSERT INTO `messages` (`id`, `from_user_id`, `to_user_id`, `body`, `created_at`) VALUES ('76', '430', '430', 'Nam corrupti exercitationem et laborum saepe ratione sit cum. Ad placeat pariatur molestiae doloremque. Quasi voluptas vitae eius minima eum ea.', '1976-04-11 14:24:59');
INSERT INTO `messages` (`id`, `from_user_id`, `to_user_id`, `body`, `created_at`) VALUES ('77', '431', '431', 'Dolorum est ut voluptate rerum quis enim. Esse autem ut sint incidunt aut. Culpa et sunt rerum autem itaque accusamus officia.', '2017-08-09 05:32:05');
INSERT INTO `messages` (`id`, `from_user_id`, `to_user_id`, `body`, `created_at`) VALUES ('78', '437', '437', 'Possimus adipisci consequatur mollitia facere eveniet. Nisi tempora sit cum facere blanditiis reiciendis culpa. Veritatis dolor blanditiis rerum molestiae quia amet magni. Maxime voluptatem nesciunt optio quos repellat.', '2008-03-08 05:52:38');
INSERT INTO `messages` (`id`, `from_user_id`, `to_user_id`, `body`, `created_at`) VALUES ('79', '439', '439', 'Natus blanditiis aut repudiandae eos similique rerum. Vero eveniet exercitationem minus quas dicta dignissimos. Eum culpa expedita aut.', '1995-09-12 19:07:14');
INSERT INTO `messages` (`id`, `from_user_id`, `to_user_id`, `body`, `created_at`) VALUES ('80', '440', '440', 'Quidem reprehenderit sed inventore voluptates sunt possimus quasi atque. Error accusantium qui dolores ab blanditiis illum. Est id sunt quibusdam pariatur. Distinctio est quaerat inventore perferendis sint. Culpa ut aut animi aliquid sunt autem rem.', '1980-11-14 01:59:31');
INSERT INTO `messages` (`id`, `from_user_id`, `to_user_id`, `body`, `created_at`) VALUES ('81', '441', '441', 'Sed vitae facilis delectus quia et. Earum commodi nostrum et voluptatem et blanditiis. Incidunt vel eveniet molestiae sint magni quos minus. Officiis nihil molestiae voluptatibus perferendis ipsum alias.', '2010-10-07 22:52:14');
INSERT INTO `messages` (`id`, `from_user_id`, `to_user_id`, `body`, `created_at`) VALUES ('82', '442', '442', 'Ea doloremque quia est alias modi consectetur. Enim consequatur molestiae culpa quo rerum.', '1976-08-08 20:03:34');
INSERT INTO `messages` (`id`, `from_user_id`, `to_user_id`, `body`, `created_at`) VALUES ('83', '446', '446', 'Possimus explicabo est sint harum. Aperiam sint inventore blanditiis provident neque. Accusamus enim fuga omnis cupiditate aperiam molestias eaque.', '2000-01-04 20:11:10');
INSERT INTO `messages` (`id`, `from_user_id`, `to_user_id`, `body`, `created_at`) VALUES ('84', '447', '447', 'Odio non iusto placeat dolor sint. Eaque aut ratione excepturi nostrum enim omnis velit. Neque explicabo deserunt est et et quibusdam rem ullam. Numquam incidunt molestiae consequuntur doloremque iste.', '2000-03-24 11:18:57');
INSERT INTO `messages` (`id`, `from_user_id`, `to_user_id`, `body`, `created_at`) VALUES ('85', '448', '448', 'Cupiditate saepe recusandae qui est rerum eaque. Nihil ullam qui est deleniti quae.', '1996-11-03 16:36:45');
INSERT INTO `messages` (`id`, `from_user_id`, `to_user_id`, `body`, `created_at`) VALUES ('86', '450', '450', 'Eum quos explicabo sed fugiat atque sint. Quam aliquid odit quia. Dolor et nam id voluptas et assumenda. Tempore perspiciatis vel et vel natus dolores.', '2013-03-29 07:57:26');
INSERT INTO `messages` (`id`, `from_user_id`, `to_user_id`, `body`, `created_at`) VALUES ('87', '451', '451', 'Suscipit sed libero omnis cupiditate. Voluptas quia velit aut iste. Accusantium velit aperiam soluta. Consequatur ut qui voluptatem velit.', '1975-03-17 12:46:37');
INSERT INTO `messages` (`id`, `from_user_id`, `to_user_id`, `body`, `created_at`) VALUES ('88', '452', '452', 'Odit consequatur commodi eligendi iure voluptates sequi vitae suscipit. Nemo reiciendis sit reiciendis sint. Eius consequuntur quia fugit et voluptates numquam est. Praesentium maiores sed modi deleniti id tenetur.', '1991-10-24 11:37:21');
INSERT INTO `messages` (`id`, `from_user_id`, `to_user_id`, `body`, `created_at`) VALUES ('89', '456', '456', 'Fuga exercitationem minus occaecati non illo facere eum. Voluptatibus provident esse nulla qui officia minima quis praesentium. Ab aut deleniti tempore consequatur. Nam illum est eligendi impedit molestiae dolore facere.', '1978-05-13 17:49:09');
INSERT INTO `messages` (`id`, `from_user_id`, `to_user_id`, `body`, `created_at`) VALUES ('90', '457', '457', 'Et porro non voluptatem omnis veritatis velit. Voluptatem magni harum distinctio suscipit a. Fuga incidunt culpa est neque incidunt accusantium.', '2006-10-27 10:47:17');
INSERT INTO `messages` (`id`, `from_user_id`, `to_user_id`, `body`, `created_at`) VALUES ('91', '458', '458', 'Excepturi et laboriosam quas ut quibusdam minima. Ullam quia quas vel nostrum aperiam unde quia. Ipsum quod totam quod consequatur illo cum sunt corrupti.', '1987-02-14 14:53:51');
INSERT INTO `messages` (`id`, `from_user_id`, `to_user_id`, `body`, `created_at`) VALUES ('92', '459', '459', 'Assumenda officiis consectetur ipsam qui quae. Cupiditate reprehenderit nihil eum dolor et. Et tempore pariatur est cumque rerum. Consequuntur natus consequatur tenetur rerum ut.', '1999-08-14 14:31:07');
INSERT INTO `messages` (`id`, `from_user_id`, `to_user_id`, `body`, `created_at`) VALUES ('93', '460', '460', 'Aliquam suscipit neque nam ea non. Et eaque tenetur qui alias quo sint. Veniam neque et qui consectetur quia rerum ducimus.', '2017-05-03 08:34:06');
INSERT INTO `messages` (`id`, `from_user_id`, `to_user_id`, `body`, `created_at`) VALUES ('94', '461', '461', 'Repellat eum officia sed cumque voluptates eius ut. Aut magnam delectus aliquam eligendi ut molestias architecto. Id esse totam dolorem ea aliquam eligendi.', '2002-04-24 03:48:00');
INSERT INTO `messages` (`id`, `from_user_id`, `to_user_id`, `body`, `created_at`) VALUES ('95', '463', '463', 'Odit beatae ea et quod sed assumenda vero enim. Sit ad quo vitae voluptatem rerum rem. Et totam ut dolorum necessitatibus nesciunt voluptatem modi. Nulla iure quia minima.', '2001-09-07 13:41:36');
INSERT INTO `messages` (`id`, `from_user_id`, `to_user_id`, `body`, `created_at`) VALUES ('96', '464', '464', 'Assumenda perspiciatis in ducimus sint voluptatem sit quo. Natus est voluptas repellat cum possimus eius magni omnis. Iure aut ipsam rerum a provident quas.', '1995-03-10 23:55:23');
INSERT INTO `messages` (`id`, `from_user_id`, `to_user_id`, `body`, `created_at`) VALUES ('97', '466', '466', 'Ea mollitia ad distinctio iusto veniam nisi omnis. Quo ducimus nihil ut quo molestiae. Et possimus et voluptatem ratione non.', '1973-09-02 08:55:48');
INSERT INTO `messages` (`id`, `from_user_id`, `to_user_id`, `body`, `created_at`) VALUES ('98', '467', '467', 'Eius sit maiores rerum sapiente quis rerum dignissimos omnis. Vel est molestiae fuga dolorem unde assumenda quibusdam. Occaecati et soluta alias pariatur ut ducimus. A optio tempora fugiat quis sit.', '2001-02-26 23:26:20');
INSERT INTO `messages` (`id`, `from_user_id`, `to_user_id`, `body`, `created_at`) VALUES ('99', '468', '468', 'Consequatur nesciunt voluptas sunt voluptatum rem dignissimos saepe nulla. Est porro quia et eos odit debitis repellendus. Dolorem consequatur est et et.', '2010-03-31 05:44:55');
INSERT INTO `messages` (`id`, `from_user_id`, `to_user_id`, `body`, `created_at`) VALUES ('100', '469', '469', 'Neque sunt qui et quod ab et. Quia dolorem animi tempora. Impedit dolorem eos et totam ea deserunt non.', '2004-12-06 21:03:44');
INSERT INTO `messages` (`id`, `from_user_id`, `to_user_id`, `body`, `created_at`) VALUES ('101', '470', '470', 'Et tempore earum autem odio. Quo vitae totam quia adipisci tempora et tempora deleniti. Qui reiciendis tempora laboriosam beatae enim quos. Quae sapiente vitae magni qui dolorem et.', '2018-06-09 13:55:13');
INSERT INTO `messages` (`id`, `from_user_id`, `to_user_id`, `body`, `created_at`) VALUES ('102', '474', '474', 'Ut adipisci quo repudiandae sit occaecati. Sunt aspernatur assumenda consequuntur eveniet dolor sunt. Corrupti velit tempore quia voluptas commodi laudantium consequatur. Qui quo repudiandae deserunt dolores harum nihil in.', '1980-02-12 22:50:50');
INSERT INTO `messages` (`id`, `from_user_id`, `to_user_id`, `body`, `created_at`) VALUES ('103', '479', '479', 'Et voluptas non nam necessitatibus. Quam atque recusandae est rerum. Quod provident debitis ab id ipsa. Dolores veritatis nihil vero odit et laboriosam.', '1985-05-08 22:13:13');
INSERT INTO `messages` (`id`, `from_user_id`, `to_user_id`, `body`, `created_at`) VALUES ('104', '480', '480', 'Eos quis et sed quasi impedit. Possimus ex ullam nisi at quia ad aut sed. Quia ducimus nostrum velit ea. Illum laudantium ducimus repellat sunt quis impedit. Eius sit ea culpa sit ea minima.', '2020-03-25 09:14:17');
INSERT INTO `messages` (`id`, `from_user_id`, `to_user_id`, `body`, `created_at`) VALUES ('105', '482', '482', 'Fugit vel cum repudiandae laudantium. Vitae aspernatur voluptas quo voluptas cum repellat. Impedit beatae tempora placeat est deserunt sed.', '2003-10-22 10:05:20');
INSERT INTO `messages` (`id`, `from_user_id`, `to_user_id`, `body`, `created_at`) VALUES ('106', '483', '483', 'Molestiae in occaecati repudiandae fuga quis asperiores. Qui nam hic aliquam qui.', '1993-12-02 08:22:44');
INSERT INTO `messages` (`id`, `from_user_id`, `to_user_id`, `body`, `created_at`) VALUES ('107', '484', '484', 'Labore inventore ea ipsam sunt. Quibusdam molestias voluptatem nulla molestiae. Commodi voluptatem occaecati omnis temporibus magnam eos beatae occaecati. Et ullam recusandae aspernatur suscipit ut aperiam voluptatem sed.', '1999-10-21 14:47:55');
INSERT INTO `messages` (`id`, `from_user_id`, `to_user_id`, `body`, `created_at`) VALUES ('108', '487', '487', 'Et explicabo illo inventore. Sint quia omnis velit dignissimos architecto. Iusto aspernatur nobis placeat. Saepe qui blanditiis rem mollitia. Culpa alias assumenda eius sed ratione aperiam.', '1988-09-10 08:11:00');
INSERT INTO `messages` (`id`, `from_user_id`, `to_user_id`, `body`, `created_at`) VALUES ('109', '491', '491', 'Unde cum sequi quidem deleniti provident deserunt non. Magni repellendus debitis cupiditate eum modi odit. Asperiores alias delectus quaerat veniam veritatis occaecati. Vitae sit voluptatem enim explicabo recusandae cupiditate. Quia ut voluptates quaerat totam officia nostrum dolorum.', '1976-10-06 11:35:55');
INSERT INTO `messages` (`id`, `from_user_id`, `to_user_id`, `body`, `created_at`) VALUES ('110', '492', '492', 'Odit officiis nihil qui explicabo ipsa quia in. Similique quo aut est accusantium. Reprehenderit cupiditate et minima vitae. Fugiat quasi inventore sequi omnis porro nam commodi.', '2003-10-01 01:54:12');
INSERT INTO `messages` (`id`, `from_user_id`, `to_user_id`, `body`, `created_at`) VALUES ('111', '493', '493', 'Repellendus porro eos facilis velit iure deserunt sit. Ratione ex quia iste sit iure.', '2018-12-31 20:08:36');
INSERT INTO `messages` (`id`, `from_user_id`, `to_user_id`, `body`, `created_at`) VALUES ('112', '494', '494', 'Molestiae consectetur facilis neque soluta. Rem maiores debitis exercitationem qui officia culpa. Rerum sint qui est inventore suscipit maxime consequuntur. Dicta cum voluptatem voluptatem nemo laudantium dolorem. Vero nihil aut optio natus vel.', '1972-06-17 08:01:33');
INSERT INTO `messages` (`id`, `from_user_id`, `to_user_id`, `body`, `created_at`) VALUES ('113', '496', '496', 'Animi quos nihil beatae est blanditiis eum id. Nulla qui aperiam voluptatem.', '1981-06-14 19:36:47');
INSERT INTO `messages` (`id`, `from_user_id`, `to_user_id`, `body`, `created_at`) VALUES ('114', '497', '497', 'Dolor suscipit omnis et nesciunt libero vel. Dolorum deserunt maiores omnis aspernatur. Velit illo nisi rerum provident esse non quos.', '1992-09-15 15:18:45');
INSERT INTO `messages` (`id`, `from_user_id`, `to_user_id`, `body`, `created_at`) VALUES ('115', '498', '498', 'Accusantium enim aut eos sed delectus aut. Quas nisi doloremque molestiae et blanditiis tenetur. Odit odio sed voluptatem autem aperiam fugit.', '1976-03-08 01:11:29');
INSERT INTO `messages` (`id`, `from_user_id`, `to_user_id`, `body`, `created_at`) VALUES ('116', '500', '500', 'Consequatur odio labore perferendis distinctio ut iusto. Sit quasi numquam reiciendis tempore. Perspiciatis aut aut ea ad.', '1971-04-10 05:31:08');
INSERT INTO `messages` (`id`, `from_user_id`, `to_user_id`, `body`, `created_at`) VALUES ('117', '501', '501', 'Incidunt sapiente ratione dolorum est ullam est. Quis dolor sequi qui aliquam veniam. Quia est nihil aut dolorem reprehenderit. Aut aliquid temporibus quasi.', '1978-12-04 17:12:16');
INSERT INTO `messages` (`id`, `from_user_id`, `to_user_id`, `body`, `created_at`) VALUES ('118', '503', '503', 'Dolor aspernatur quidem sapiente blanditiis placeat. Aliquam nihil quas quos repellat omnis delectus. Possimus labore sapiente cumque qui enim. Dolorem amet quidem nihil in.', '1995-01-05 10:46:19');
INSERT INTO `messages` (`id`, `from_user_id`, `to_user_id`, `body`, `created_at`) VALUES ('119', '504', '504', 'Veritatis quo et voluptatem. Et et quibusdam nostrum dolores.', '1980-06-04 15:07:01');
INSERT INTO `messages` (`id`, `from_user_id`, `to_user_id`, `body`, `created_at`) VALUES ('120', '505', '505', 'Vel et in ut consequatur et. Aut ipsum voluptas neque delectus et. Magnam libero perferendis et quos. Sint quibusdam quo dolorem.', '2010-01-28 10:05:54');
INSERT INTO `messages` (`id`, `from_user_id`, `to_user_id`, `body`, `created_at`) VALUES ('121', '507', '507', 'Odio suscipit voluptatem omnis rerum omnis consectetur. Placeat deserunt nesciunt est quos explicabo. Sint eius minima eos nesciunt eaque delectus explicabo. Ut quam aut ab aut et aut fugiat.', '2017-12-04 20:32:31');
INSERT INTO `messages` (`id`, `from_user_id`, `to_user_id`, `body`, `created_at`) VALUES ('122', '508', '508', 'Architecto omnis nisi iusto et totam. A et et dolores ipsum et accusantium labore. Atque ratione corporis doloremque sed eum itaque occaecati nisi.', '2014-12-09 20:34:43');
INSERT INTO `messages` (`id`, `from_user_id`, `to_user_id`, `body`, `created_at`) VALUES ('123', '509', '509', 'Voluptate aut qui omnis molestias voluptatem inventore. Et quis repellat voluptatem enim eos. Veniam voluptatibus cupiditate culpa corporis est enim. Impedit et voluptatem pariatur voluptatem voluptatem.', '2006-04-26 14:27:18');
INSERT INTO `messages` (`id`, `from_user_id`, `to_user_id`, `body`, `created_at`) VALUES ('124', '510', '510', 'Beatae praesentium numquam sint minus numquam. Dolores et fugit voluptatem. Nulla et est autem rerum. Neque architecto cupiditate ullam sit quisquam. Dolor minima vero quasi molestiae voluptas.', '1999-07-01 01:15:20');
INSERT INTO `messages` (`id`, `from_user_id`, `to_user_id`, `body`, `created_at`) VALUES ('125', '511', '511', 'Possimus omnis repellendus officiis beatae sunt harum debitis. Modi cupiditate aperiam autem consequuntur iure. Sit sit id adipisci nobis perferendis.', '1971-09-04 00:01:10');
INSERT INTO `messages` (`id`, `from_user_id`, `to_user_id`, `body`, `created_at`) VALUES ('126', '513', '513', 'Ducimus voluptatem ratione aut molestias quia earum. Accusantium error aperiam temporibus porro. Voluptates rerum ea nisi id.', '2013-12-12 00:26:49');
INSERT INTO `messages` (`id`, `from_user_id`, `to_user_id`, `body`, `created_at`) VALUES ('127', '514', '514', 'Asperiores temporibus ratione dolorem et minus. Consectetur et sit sit numquam vitae nihil illo. Aut inventore voluptatem et animi expedita.', '2007-06-01 06:42:51');
INSERT INTO `messages` (`id`, `from_user_id`, `to_user_id`, `body`, `created_at`) VALUES ('128', '515', '515', 'Occaecati tenetur ullam totam ad enim. Nihil voluptatem pariatur recusandae quia et. Velit fugiat facere facilis laudantium quia facere dolore. Praesentium fugiat reiciendis a ipsa quo et.', '2006-06-01 11:05:00');
INSERT INTO `messages` (`id`, `from_user_id`, `to_user_id`, `body`, `created_at`) VALUES ('129', '517', '517', 'Nisi nobis porro et deserunt. Sequi eligendi voluptas voluptatem molestias in dolores mollitia.', '1976-12-22 15:00:38');
INSERT INTO `messages` (`id`, `from_user_id`, `to_user_id`, `body`, `created_at`) VALUES ('130', '519', '519', 'Repellat quas dignissimos nobis nihil ad rerum autem. Eos tempore non excepturi deleniti aut est.', '2010-09-29 06:12:07');
INSERT INTO `messages` (`id`, `from_user_id`, `to_user_id`, `body`, `created_at`) VALUES ('131', '520', '520', 'Cum aut odio sunt et. Facilis voluptatem ea ad corporis ea amet ea. Aperiam fugiat voluptate nihil nulla iure. Eius asperiores nihil molestias rerum exercitationem optio qui.', '2013-01-09 10:32:43');
INSERT INTO `messages` (`id`, `from_user_id`, `to_user_id`, `body`, `created_at`) VALUES ('132', '521', '521', 'Et voluptatem quis eligendi molestiae dignissimos. Qui tempore incidunt dolores culpa non. Maiores est consequatur fuga dignissimos. Aut nam at sit qui quibusdam expedita. At eius hic ab eum esse.', '2015-12-26 22:22:30');
INSERT INTO `messages` (`id`, `from_user_id`, `to_user_id`, `body`, `created_at`) VALUES ('133', '522', '522', 'Est earum nihil aperiam dolorem nesciunt quo soluta. Quidem eius magnam facilis quos aut voluptatem vel. Praesentium officia ex velit quia.', '1990-08-16 09:57:54');
INSERT INTO `messages` (`id`, `from_user_id`, `to_user_id`, `body`, `created_at`) VALUES ('134', '525', '525', 'Voluptatem molestiae aut porro quasi provident ipsa. Eos corporis aperiam quod nam est ipsa. Praesentium quis magnam dicta quia occaecati consequatur.', '2019-12-21 14:48:35');
INSERT INTO `messages` (`id`, `from_user_id`, `to_user_id`, `body`, `created_at`) VALUES ('135', '526', '526', 'Saepe dolor labore consequatur quia voluptas. Accusantium qui voluptatibus ipsum et ipsam dolorem. Voluptatum praesentium quis quis eos voluptatem aliquam dolore. Et et occaecati iste est dolor voluptatem aperiam. Molestias quasi quaerat corporis quo qui praesentium fugit et.', '2021-02-09 00:59:51');
INSERT INTO `messages` (`id`, `from_user_id`, `to_user_id`, `body`, `created_at`) VALUES ('136', '527', '527', 'Et deserunt beatae in et impedit delectus. Magni expedita exercitationem asperiores velit nobis asperiores repudiandae. Qui quis excepturi laudantium dolore. Sed doloremque deserunt iure reiciendis recusandae quod harum vel.', '1985-01-16 10:13:54');
INSERT INTO `messages` (`id`, `from_user_id`, `to_user_id`, `body`, `created_at`) VALUES ('137', '528', '528', 'Consequatur ad occaecati labore expedita. Nulla doloribus repellat eos maxime deserunt totam magnam repellat. Itaque sit nam fugit consequatur et.', '1984-10-27 03:49:56');
INSERT INTO `messages` (`id`, `from_user_id`, `to_user_id`, `body`, `created_at`) VALUES ('138', '529', '529', 'Voluptatem doloremque ut cupiditate iure at quo quo. Sint earum ut iusto eius reprehenderit corrupti. Nulla dolores quis in excepturi voluptas quis ut. Voluptate incidunt sequi in molestiae.', '1998-09-20 06:49:33');
INSERT INTO `messages` (`id`, `from_user_id`, `to_user_id`, `body`, `created_at`) VALUES ('139', '530', '530', 'Cumque libero in aut itaque consequuntur veniam. Labore nemo assumenda unde provident excepturi. Ab nobis provident rem rem odio repellendus aut.', '1990-01-17 17:38:50');
INSERT INTO `messages` (`id`, `from_user_id`, `to_user_id`, `body`, `created_at`) VALUES ('140', '531', '531', 'Harum dolores quae placeat autem. Qui dolores fugit quasi non sunt officiis vitae. Non ea molestiae voluptatem accusamus quaerat consequuntur sint.', '2005-02-10 14:55:01');
INSERT INTO `messages` (`id`, `from_user_id`, `to_user_id`, `body`, `created_at`) VALUES ('141', '535', '535', 'Numquam vel aspernatur aut minus illo quibusdam. Minima sit veritatis corporis ullam. Nulla et dolores doloribus ut voluptas ad.', '2012-12-13 09:24:42');
INSERT INTO `messages` (`id`, `from_user_id`, `to_user_id`, `body`, `created_at`) VALUES ('142', '536', '536', 'Dicta debitis reprehenderit fuga voluptas voluptatem iste ratione. Alias qui omnis est quibusdam totam. Quidem dolorem asperiores consequatur. Quia dolor rerum accusamus nobis qui veniam.', '1979-12-25 21:46:50');
INSERT INTO `messages` (`id`, `from_user_id`, `to_user_id`, `body`, `created_at`) VALUES ('143', '539', '539', 'Iure tempora excepturi quae. Sed quaerat commodi beatae tempore quibusdam. Rerum velit quo et fugiat eveniet et. Voluptas pariatur et aut sint ut et unde. Cum perspiciatis at aperiam nisi distinctio est.', '1984-08-08 10:25:11');
INSERT INTO `messages` (`id`, `from_user_id`, `to_user_id`, `body`, `created_at`) VALUES ('144', '540', '540', 'Similique autem a officiis aut labore officia ipsa. Et velit natus debitis corrupti eum voluptas. Consequuntur repudiandae repellat voluptatem quod error dolor nisi. Praesentium quia similique mollitia totam.', '1978-05-05 22:25:26');
INSERT INTO `messages` (`id`, `from_user_id`, `to_user_id`, `body`, `created_at`) VALUES ('145', '542', '542', 'Rem optio consectetur harum aut et est. Et autem velit nam. Et non autem perferendis.', '1973-09-06 19:41:56');
INSERT INTO `messages` (`id`, `from_user_id`, `to_user_id`, `body`, `created_at`) VALUES ('146', '545', '545', 'Ex qui blanditiis autem hic consequatur quia. Aut omnis sed nostrum eius. Delectus quia necessitatibus cupiditate sint.', '1998-05-06 01:08:24');
INSERT INTO `messages` (`id`, `from_user_id`, `to_user_id`, `body`, `created_at`) VALUES ('147', '546', '546', 'Autem aut molestiae delectus aut. Similique sint quo eos voluptatem voluptatem. Laborum ratione repellat ad minus. Omnis ipsa at sit. Sunt et sed cum quasi consequuntur.', '2016-03-14 06:12:59');
INSERT INTO `messages` (`id`, `from_user_id`, `to_user_id`, `body`, `created_at`) VALUES ('148', '547', '547', 'Explicabo sed aut provident. Soluta aut dicta aut maiores est. Porro minima culpa dolorem omnis delectus mollitia.', '1983-03-21 18:55:28');
INSERT INTO `messages` (`id`, `from_user_id`, `to_user_id`, `body`, `created_at`) VALUES ('149', '550', '550', 'Qui omnis ullam incidunt itaque reiciendis. Maiores ipsam nam voluptate nisi est non fuga sed. Sit temporibus consequuntur expedita. Aut deleniti voluptas earum ipsum asperiores et laborum.', '2005-03-06 08:29:45');
INSERT INTO `messages` (`id`, `from_user_id`, `to_user_id`, `body`, `created_at`) VALUES ('150', '551', '551', 'Porro et est iure dolorem sunt velit. Architecto tempore sit id inventore voluptas aut. Quidem et et eligendi esse. Molestiae ut ut sunt quasi dolores. Placeat et et commodi assumenda hic praesentium.', '1977-02-07 17:56:52');
INSERT INTO `messages` (`id`, `from_user_id`, `to_user_id`, `body`, `created_at`) VALUES ('151', '555', '555', 'Quas dolorem in maiores minima inventore adipisci architecto. Nesciunt sapiente quidem voluptate consequatur excepturi. Enim quo magni saepe fugit molestiae.', '2004-06-05 02:37:30');
INSERT INTO `messages` (`id`, `from_user_id`, `to_user_id`, `body`, `created_at`) VALUES ('152', '558', '558', 'Aut necessitatibus nihil deleniti omnis ut dolorum possimus aliquam. Aperiam repellat adipisci molestias temporibus eveniet asperiores quae. Ratione molestiae sit esse ut minus.', '2002-12-15 13:15:41');
INSERT INTO `messages` (`id`, `from_user_id`, `to_user_id`, `body`, `created_at`) VALUES ('153', '560', '560', 'Consequatur sunt reprehenderit facere qui adipisci error nesciunt. Eos velit nemo sit. At voluptate alias itaque voluptatibus autem dolore quo dolor. Et ex sunt iusto cupiditate omnis qui.', '1978-11-07 09:38:54');
INSERT INTO `messages` (`id`, `from_user_id`, `to_user_id`, `body`, `created_at`) VALUES ('154', '563', '563', 'Aliquid dolore perspiciatis doloremque ad qui. Ex delectus delectus nihil odit aspernatur sed. Animi voluptatem similique repellat delectus. Et velit rerum assumenda iste expedita quam.', '2020-09-05 20:52:54');
INSERT INTO `messages` (`id`, `from_user_id`, `to_user_id`, `body`, `created_at`) VALUES ('155', '564', '564', 'Quo nisi modi aut rerum numquam. Animi aut error accusantium delectus ipsam. Rerum maxime et aliquid minima excepturi. Ipsam voluptatibus quia adipisci cupiditate omnis temporibus quae.', '1970-05-04 21:22:55');
INSERT INTO `messages` (`id`, `from_user_id`, `to_user_id`, `body`, `created_at`) VALUES ('156', '566', '566', 'Sed quibusdam minus aut dolor. Quis at ducimus qui. Deleniti sunt et vero aut quidem voluptatem.', '1994-01-31 18:04:53');
INSERT INTO `messages` (`id`, `from_user_id`, `to_user_id`, `body`, `created_at`) VALUES ('157', '567', '567', 'Officiis et harum quibusdam fugiat sequi. Voluptas laudantium totam reprehenderit esse. Et reprehenderit id voluptatum laudantium est. Eveniet tempora illum sed quidem aut non.', '1971-03-11 15:48:35');
INSERT INTO `messages` (`id`, `from_user_id`, `to_user_id`, `body`, `created_at`) VALUES ('158', '571', '571', 'Quasi quasi non commodi sit delectus voluptatem aut dolores. Rerum aperiam aut error odit officia explicabo corporis. Nesciunt a magnam dignissimos voluptas voluptatem exercitationem. Sed sint laborum ullam aspernatur.', '1997-05-09 02:31:29');
INSERT INTO `messages` (`id`, `from_user_id`, `to_user_id`, `body`, `created_at`) VALUES ('159', '573', '573', 'Consectetur eligendi amet quaerat omnis. Nostrum quam autem natus. Cum tempore quia sed iusto. Rerum distinctio laboriosam animi nihil ipsam quo excepturi veniam.', '2001-10-01 16:43:10');
INSERT INTO `messages` (`id`, `from_user_id`, `to_user_id`, `body`, `created_at`) VALUES ('160', '575', '575', 'Doloribus tempora ea et ratione officiis. Nam deleniti qui vel rerum. Ea aut esse dignissimos nihil dolor.', '2002-08-13 16:12:32');
INSERT INTO `messages` (`id`, `from_user_id`, `to_user_id`, `body`, `created_at`) VALUES ('161', '576', '576', 'Qui in nisi qui et molestiae rem voluptas qui. Enim dolores autem expedita veniam repudiandae vitae perspiciatis.', '2002-12-04 12:15:18');
INSERT INTO `messages` (`id`, `from_user_id`, `to_user_id`, `body`, `created_at`) VALUES ('162', '578', '578', 'Assumenda est cum omnis perspiciatis dolorum. Qui quos voluptatem consequatur sequi nisi.', '1976-05-07 06:06:48');
INSERT INTO `messages` (`id`, `from_user_id`, `to_user_id`, `body`, `created_at`) VALUES ('163', '583', '583', 'Impedit rerum quas quia vel. Voluptates repellendus fuga assumenda at aspernatur temporibus. Cumque vitae similique quia laboriosam enim et et.', '1972-01-04 23:29:15');
INSERT INTO `messages` (`id`, `from_user_id`, `to_user_id`, `body`, `created_at`) VALUES ('164', '584', '584', 'Ad vel vitae illo est laboriosam. Ducimus officia omnis quibusdam neque rerum repudiandae. Pariatur rerum numquam explicabo harum et eum. Iusto cupiditate et molestiae veritatis labore tempora rerum.', '2017-03-28 14:38:51');
INSERT INTO `messages` (`id`, `from_user_id`, `to_user_id`, `body`, `created_at`) VALUES ('165', '588', '588', 'Vel qui sint enim aperiam quaerat vero eaque alias. Doloribus deleniti vitae optio enim consequatur. Veniam ad voluptatum ipsa possimus.', '1997-06-23 08:41:52');
INSERT INTO `messages` (`id`, `from_user_id`, `to_user_id`, `body`, `created_at`) VALUES ('166', '589', '589', 'Exercitationem voluptatem libero eaque quibusdam. Aut minus et eos molestiae architecto dolorum. Ipsum consequatur deleniti earum dolore.', '2013-03-20 02:34:19');
INSERT INTO `messages` (`id`, `from_user_id`, `to_user_id`, `body`, `created_at`) VALUES ('167', '590', '590', 'Sed qui inventore error quia. Dolores ratione voluptas eos dolorem ipsa sunt dolores. Ut a et sequi eum. Eum adipisci ut voluptatibus labore.', '2013-03-13 14:32:02');
INSERT INTO `messages` (`id`, `from_user_id`, `to_user_id`, `body`, `created_at`) VALUES ('168', '591', '591', 'Repellendus atque voluptas inventore atque. Qui aliquam tenetur odio eaque. Ut quos molestias a non ipsum dolores. Dolor atque tempora totam molestiae.', '2002-05-11 17:30:07');
INSERT INTO `messages` (`id`, `from_user_id`, `to_user_id`, `body`, `created_at`) VALUES ('169', '592', '592', 'Eligendi repudiandae dignissimos qui debitis qui. Et ea id quibusdam qui. Modi consequuntur dicta ea.', '1979-02-16 01:22:59');
INSERT INTO `messages` (`id`, `from_user_id`, `to_user_id`, `body`, `created_at`) VALUES ('170', '593', '593', 'Esse id possimus ex consequatur perferendis. Error sint odio non est et ea distinctio. Et aliquid consectetur quidem saepe. Voluptatum unde quod impedit voluptatem.', '2017-03-24 10:56:19');
INSERT INTO `messages` (`id`, `from_user_id`, `to_user_id`, `body`, `created_at`) VALUES ('171', '594', '594', 'Amet deserunt exercitationem repudiandae dolorem eveniet. Est adipisci autem accusamus magnam.', '1990-02-17 20:00:17');
INSERT INTO `messages` (`id`, `from_user_id`, `to_user_id`, `body`, `created_at`) VALUES ('172', '595', '595', 'Quasi enim eligendi repudiandae recusandae quo quidem consequuntur nihil. Iste voluptatum quasi modi fuga quisquam ut.', '2012-08-14 20:01:53');
INSERT INTO `messages` (`id`, `from_user_id`, `to_user_id`, `body`, `created_at`) VALUES ('173', '596', '596', 'Sapiente nulla tempora velit aperiam cumque itaque quas quidem. Nam similique qui eum et numquam quia architecto. Aut numquam recusandae et voluptatem culpa.', '2002-07-31 11:45:34');
INSERT INTO `messages` (`id`, `from_user_id`, `to_user_id`, `body`, `created_at`) VALUES ('174', '597', '597', 'Beatae dolorum aspernatur tempore autem. In culpa fuga tempore nam quos et id quia. Sed et quo error.', '2010-07-19 23:30:20');
INSERT INTO `messages` (`id`, `from_user_id`, `to_user_id`, `body`, `created_at`) VALUES ('175', '301', '301', 'Nostrum in voluptatem sunt fugit quo et dolorum. Ea accusamus reiciendis veniam laborum deserunt repudiandae. Voluptas ipsam enim hic et voluptatibus dolores facilis.', '1999-07-26 12:41:15');
INSERT INTO `messages` (`id`, `from_user_id`, `to_user_id`, `body`, `created_at`) VALUES ('176', '302', '302', 'Aut maxime doloribus expedita harum. Dicta suscipit vel aut tempora voluptas deserunt assumenda praesentium.', '1999-02-10 21:13:19');
INSERT INTO `messages` (`id`, `from_user_id`, `to_user_id`, `body`, `created_at`) VALUES ('177', '303', '303', 'Itaque nihil numquam consequuntur velit. Beatae ipsam eum aut est deserunt adipisci facere. Quis dolorum debitis est voluptatem id et esse.', '1984-06-08 17:24:02');
INSERT INTO `messages` (`id`, `from_user_id`, `to_user_id`, `body`, `created_at`) VALUES ('178', '304', '304', 'Expedita autem ea libero aut et magnam. Voluptatem earum et pariatur facere ea cumque molestias. Sed doloribus sunt fuga quam quia. Enim non nobis quibusdam expedita quibusdam non eos.', '2020-09-23 09:34:48');
INSERT INTO `messages` (`id`, `from_user_id`, `to_user_id`, `body`, `created_at`) VALUES ('179', '305', '305', 'Sed iste voluptatum eligendi provident consequatur reiciendis. Id dolorem occaecati quos quis quia deserunt nulla. Iure quam harum quis consectetur excepturi delectus quae. Unde occaecati praesentium maiores ipsa sapiente dolorum.', '1998-08-24 21:09:17');
INSERT INTO `messages` (`id`, `from_user_id`, `to_user_id`, `body`, `created_at`) VALUES ('180', '308', '308', 'Aut dolor doloribus officiis non. Aperiam quis sunt voluptas accusamus harum. Aspernatur sit alias vel in aut. Aut illo ipsam accusantium occaecati aperiam omnis nulla.', '1988-11-02 01:00:01');
INSERT INTO `messages` (`id`, `from_user_id`, `to_user_id`, `body`, `created_at`) VALUES ('181', '310', '310', 'Fugiat consequatur aut fuga rerum aut. Eaque a doloribus et maiores porro. Qui quas molestiae neque nihil numquam. Totam quae error ducimus laudantium quod.', '1974-01-16 00:42:18');
INSERT INTO `messages` (`id`, `from_user_id`, `to_user_id`, `body`, `created_at`) VALUES ('182', '311', '311', 'Debitis praesentium sint tempora facere quasi autem. Iure nulla sit magnam tempora omnis voluptate sint consectetur. Ea architecto ducimus alias ipsam cum. Suscipit est ipsum in autem suscipit culpa id.', '1970-03-07 04:09:52');
INSERT INTO `messages` (`id`, `from_user_id`, `to_user_id`, `body`, `created_at`) VALUES ('183', '312', '312', 'Debitis aut excepturi eveniet sit. Tempora corporis quia temporibus voluptatem id incidunt. Voluptas reiciendis sed nulla. Voluptas sint non debitis nobis.', '1985-08-16 12:08:49');
INSERT INTO `messages` (`id`, `from_user_id`, `to_user_id`, `body`, `created_at`) VALUES ('184', '313', '313', 'Fugiat et minima ab aut. Sed laborum similique quas eligendi voluptatum. Dolorum ad facilis sint aut modi consequatur. Quam nesciunt sit voluptatem fugit.', '2001-09-22 07:01:50');
INSERT INTO `messages` (`id`, `from_user_id`, `to_user_id`, `body`, `created_at`) VALUES ('185', '315', '315', 'Maxime quo tenetur delectus molestias quas. Id fugiat modi perferendis molestias magni. Earum hic beatae minus aliquam.', '2007-11-18 20:10:26');
INSERT INTO `messages` (`id`, `from_user_id`, `to_user_id`, `body`, `created_at`) VALUES ('186', '316', '316', 'Id aliquid accusamus repellat iusto magni sit pariatur explicabo. Pariatur quod error neque recusandae occaecati magnam et facilis. Eaque distinctio et voluptatum aut.', '1978-04-18 22:55:44');
INSERT INTO `messages` (`id`, `from_user_id`, `to_user_id`, `body`, `created_at`) VALUES ('187', '320', '320', 'A perferendis qui quos eos non adipisci quae. Ducimus quis saepe id. Dolorem et doloremque eum sit. Fugit explicabo voluptatem atque occaecati.', '1973-09-07 17:49:45');
INSERT INTO `messages` (`id`, `from_user_id`, `to_user_id`, `body`, `created_at`) VALUES ('188', '321', '321', 'Voluptas culpa aut omnis neque atque quis iusto. Qui iusto quo soluta est laboriosam et. Reiciendis nisi consectetur dicta amet nesciunt quia quia. Fugit distinctio consequatur at dolorem in.', '1970-07-26 19:06:46');
INSERT INTO `messages` (`id`, `from_user_id`, `to_user_id`, `body`, `created_at`) VALUES ('189', '323', '323', 'Necessitatibus eveniet voluptates sed deserunt accusamus molestias labore. Exercitationem illum enim non omnis consequatur fuga. Eligendi sed quia dolorem. Omnis quo aliquid sit laborum.', '1988-12-06 08:37:08');
INSERT INTO `messages` (`id`, `from_user_id`, `to_user_id`, `body`, `created_at`) VALUES ('190', '324', '324', 'Ut corporis quas nisi quaerat est optio dolorem. Voluptatibus libero sunt dolores nam perferendis consequatur harum harum. Cupiditate ducimus temporibus quibusdam deleniti.', '1985-09-15 13:56:04');
INSERT INTO `messages` (`id`, `from_user_id`, `to_user_id`, `body`, `created_at`) VALUES ('191', '325', '325', 'Quibusdam tenetur laboriosam nihil repudiandae. Consequatur sunt quos fuga non iusto beatae qui. Quam qui repellat ullam ex ea et.', '2006-05-14 17:59:09');
INSERT INTO `messages` (`id`, `from_user_id`, `to_user_id`, `body`, `created_at`) VALUES ('192', '326', '326', 'Ipsa distinctio ratione voluptates officiis omnis. Nostrum cupiditate dolorum nam sed. Aspernatur mollitia amet saepe ipsam quis at. Cupiditate non adipisci voluptatum iste.', '2002-01-04 02:37:37');
INSERT INTO `messages` (`id`, `from_user_id`, `to_user_id`, `body`, `created_at`) VALUES ('193', '328', '328', 'Aut vel qui qui quae. Ipsam eos expedita est quidem voluptatem iusto exercitationem. Repellat tempora perspiciatis ab quibusdam qui vero qui voluptatem. Laboriosam officia eum quia officia quasi voluptatem et.', '1981-02-05 03:38:14');
INSERT INTO `messages` (`id`, `from_user_id`, `to_user_id`, `body`, `created_at`) VALUES ('194', '329', '329', 'Animi ullam ut qui facere. Numquam aut ut deserunt sunt. Dolorem commodi deserunt mollitia sunt earum veniam veritatis incidunt. Non ut omnis neque autem est est.', '1983-09-04 00:08:11');
INSERT INTO `messages` (`id`, `from_user_id`, `to_user_id`, `body`, `created_at`) VALUES ('195', '333', '333', 'Iste possimus omnis nulla perferendis nemo nihil. Est voluptatem est iure quod. Quo repellat provident voluptas molestiae iure quia pariatur. Ut quidem aperiam sunt minima non sit sit. Maxime voluptas vero minus perferendis debitis.', '1988-06-26 11:46:09');
INSERT INTO `messages` (`id`, `from_user_id`, `to_user_id`, `body`, `created_at`) VALUES ('196', '334', '334', 'Error voluptas aut qui temporibus ducimus expedita. Ab nam ut quo ea sed sint inventore. Perferendis ab iste quod explicabo minus nihil ut.', '1980-04-20 19:32:37');
INSERT INTO `messages` (`id`, `from_user_id`, `to_user_id`, `body`, `created_at`) VALUES ('197', '335', '335', 'Rem et sed quas quo sunt earum sit quae. Amet eaque in illum earum nesciunt odio itaque. Qui deserunt qui animi eum.', '2013-02-07 15:10:26');
INSERT INTO `messages` (`id`, `from_user_id`, `to_user_id`, `body`, `created_at`) VALUES ('198', '337', '337', 'Sapiente fugit consequatur sit iste. Voluptates optio impedit at et dolor consectetur. Quia voluptas dolores sit aut. Accusantium in perspiciatis aperiam reiciendis aut.', '2003-09-18 11:46:39');
INSERT INTO `messages` (`id`, `from_user_id`, `to_user_id`, `body`, `created_at`) VALUES ('199', '338', '338', 'Quos et est ducimus beatae dignissimos et. Animi reprehenderit et impedit in maxime quibusdam. Distinctio aut nemo incidunt et dicta. Aut aliquam perferendis rerum voluptates aut dolore.', '1976-08-31 18:02:58');
INSERT INTO `messages` (`id`, `from_user_id`, `to_user_id`, `body`, `created_at`) VALUES ('200', '340', '340', 'Vitae aliquid ut magni ratione. Nostrum earum autem sapiente. Mollitia est minima ex. Et doloremque non suscipit ea ipsa. Debitis nulla sunt iure odit.', '2020-12-13 17:48:12');
INSERT INTO `messages` (`id`, `from_user_id`, `to_user_id`, `body`, `created_at`) VALUES ('201', '341', '341', 'Et provident rerum qui nisi neque. Dolorem velit praesentium voluptatem qui minima quas voluptatem. Vitae autem ipsum consectetur ut laudantium rerum. Magnam est cum doloremque.', '1978-12-17 04:34:03');
INSERT INTO `messages` (`id`, `from_user_id`, `to_user_id`, `body`, `created_at`) VALUES ('202', '344', '344', 'Temporibus voluptas dolore fugit est nisi natus minus cum. Labore culpa accusamus doloremque deserunt. Voluptas nobis minima et doloremque ullam. Voluptas praesentium quo impedit ab quae consequatur laudantium sit.', '1992-06-10 21:38:55');
INSERT INTO `messages` (`id`, `from_user_id`, `to_user_id`, `body`, `created_at`) VALUES ('203', '345', '345', 'Qui tempora occaecati non ut aut pariatur sit. Non consequatur eum aut corporis. Vel vel ab dolore. Eaque illo eius assumenda non dolorum.', '2017-09-19 02:36:18');
INSERT INTO `messages` (`id`, `from_user_id`, `to_user_id`, `body`, `created_at`) VALUES ('204', '349', '349', 'Qui officiis ducimus nesciunt placeat provident ullam. Deleniti reprehenderit rerum voluptas est ipsam in. Architecto omnis rerum iusto atque dolor cum suscipit.', '1971-07-15 04:15:23');
INSERT INTO `messages` (`id`, `from_user_id`, `to_user_id`, `body`, `created_at`) VALUES ('205', '350', '350', 'Error veniam officiis quas voluptatem qui. Sunt qui voluptatem sunt accusantium. Vitae magni et tempore et autem velit amet. Consequatur aut perferendis quia nihil.', '2004-07-19 10:48:20');
INSERT INTO `messages` (`id`, `from_user_id`, `to_user_id`, `body`, `created_at`) VALUES ('206', '351', '351', 'Voluptas eveniet illum voluptatem minima. Illo sint consectetur non ea aperiam. Numquam et fugiat aut sint modi est. Nihil fugiat cumque fugiat ut perferendis aut repudiandae.', '1994-10-28 04:24:10');
INSERT INTO `messages` (`id`, `from_user_id`, `to_user_id`, `body`, `created_at`) VALUES ('207', '352', '352', 'Ut tempora nam ipsam dolore eum. Illum numquam earum laudantium et. Et similique molestias maxime error et nihil aut. Ut praesentium aut rerum quia nihil non sit quidem.', '2012-07-03 22:56:35');
INSERT INTO `messages` (`id`, `from_user_id`, `to_user_id`, `body`, `created_at`) VALUES ('208', '355', '355', 'Ducimus voluptas provident ad ea. Facilis illo consequatur velit quo nemo exercitationem. Voluptates quidem asperiores recusandae consectetur explicabo. Et aut non rem magnam consequuntur hic.', '2018-10-11 13:50:46');
INSERT INTO `messages` (`id`, `from_user_id`, `to_user_id`, `body`, `created_at`) VALUES ('209', '356', '356', 'Repellendus quasi fugit sunt optio optio beatae harum. Alias voluptatum nam repudiandae distinctio enim consequatur. Molestiae eum facere esse. Sit ab neque magnam eos. Et voluptas explicabo fugit inventore sint.', '1996-03-03 11:12:07');
INSERT INTO `messages` (`id`, `from_user_id`, `to_user_id`, `body`, `created_at`) VALUES ('210', '358', '358', 'Quisquam et voluptas tenetur. Aut asperiores similique quod vero perferendis vero impedit. Omnis cumque maiores quia quibusdam reprehenderit ea deleniti.', '1993-12-01 20:04:12');
INSERT INTO `messages` (`id`, `from_user_id`, `to_user_id`, `body`, `created_at`) VALUES ('211', '360', '360', 'Dicta harum velit ipsam. Pariatur itaque accusantium suscipit est similique. Et consequatur sint rerum in id.', '1979-10-22 01:55:43');
INSERT INTO `messages` (`id`, `from_user_id`, `to_user_id`, `body`, `created_at`) VALUES ('212', '361', '361', 'Voluptas ipsum velit ab. Voluptate reprehenderit nesciunt quod animi numquam reiciendis. Tempore quis molestiae ea dolor est. Vel ipsam officiis doloribus ipsum voluptatibus dolorum.', '1976-06-20 02:22:02');
INSERT INTO `messages` (`id`, `from_user_id`, `to_user_id`, `body`, `created_at`) VALUES ('213', '362', '362', 'Doloribus ad itaque qui voluptas. Repudiandae nostrum cumque sit veritatis dolorum cupiditate quis. Voluptatem dignissimos atque odio. Sed dolor est facilis ipsum sed.', '2001-07-03 21:46:40');
INSERT INTO `messages` (`id`, `from_user_id`, `to_user_id`, `body`, `created_at`) VALUES ('214', '364', '364', 'A optio voluptas alias voluptas dolorum sint. Laboriosam neque rerum repellat harum dicta et velit. Ducimus sunt impedit nihil quibusdam dolore.', '1999-12-25 17:41:40');
INSERT INTO `messages` (`id`, `from_user_id`, `to_user_id`, `body`, `created_at`) VALUES ('215', '365', '365', 'Quis et hic et quaerat velit. Doloribus et est culpa qui facere non.', '1983-05-22 14:34:43');
INSERT INTO `messages` (`id`, `from_user_id`, `to_user_id`, `body`, `created_at`) VALUES ('216', '368', '368', 'Similique qui quos officiis tempora fuga sapiente dolorem. Blanditiis et similique voluptas illo alias unde dolorem. Sint qui ut id dolor aspernatur placeat voluptas. Voluptas voluptatem nobis dolor saepe culpa dolore et.', '1984-08-20 19:13:50');
INSERT INTO `messages` (`id`, `from_user_id`, `to_user_id`, `body`, `created_at`) VALUES ('217', '370', '370', 'Facere quis et est sit id. Nam praesentium explicabo qui. Qui aut dolorum aliquam est.', '1974-09-25 11:57:41');
INSERT INTO `messages` (`id`, `from_user_id`, `to_user_id`, `body`, `created_at`) VALUES ('218', '372', '372', 'Dicta temporibus sed explicabo assumenda esse. Non vero quia nesciunt itaque. Quos corrupti ut est vero consequuntur. Iusto blanditiis pariatur at culpa aperiam praesentium.', '1971-03-10 05:22:16');
INSERT INTO `messages` (`id`, `from_user_id`, `to_user_id`, `body`, `created_at`) VALUES ('219', '374', '374', 'Voluptatibus corrupti ut aut laudantium eum et. Commodi fuga doloribus temporibus aut. Possimus ratione placeat quibusdam modi et.', '1971-05-03 04:29:04');
INSERT INTO `messages` (`id`, `from_user_id`, `to_user_id`, `body`, `created_at`) VALUES ('220', '377', '377', 'Accusantium sed amet eligendi dolorem autem voluptas. Sint modi provident est quae deleniti consequatur. Possimus laborum quibusdam nostrum excepturi excepturi.', '1999-11-02 19:43:29');
INSERT INTO `messages` (`id`, `from_user_id`, `to_user_id`, `body`, `created_at`) VALUES ('221', '378', '378', 'Numquam deleniti unde deleniti odit in. Nostrum voluptates nulla quia eos tempora. Molestiae consequuntur culpa aliquid culpa. Aperiam ut nam nostrum blanditiis nemo enim.', '1980-11-18 07:04:27');
INSERT INTO `messages` (`id`, `from_user_id`, `to_user_id`, `body`, `created_at`) VALUES ('222', '380', '380', 'Numquam nisi nesciunt qui reprehenderit ea doloremque enim. Cumque in maiores magnam. Autem odio totam dolorem deleniti et accusantium dolorem totam.', '1977-02-10 05:00:40');
INSERT INTO `messages` (`id`, `from_user_id`, `to_user_id`, `body`, `created_at`) VALUES ('223', '383', '383', 'Repudiandae saepe debitis asperiores. Voluptatem ipsum dicta consequatur sapiente. Quaerat voluptate dolores ut modi ipsum corrupti.', '1973-01-31 12:59:20');
INSERT INTO `messages` (`id`, `from_user_id`, `to_user_id`, `body`, `created_at`) VALUES ('224', '386', '386', 'Dolores non repudiandae porro aut quam. Qui qui totam error. Iste expedita vitae aut illo. Ea mollitia ratione eius nemo ut reprehenderit eos.', '1972-12-30 23:52:18');
INSERT INTO `messages` (`id`, `from_user_id`, `to_user_id`, `body`, `created_at`) VALUES ('225', '387', '387', 'In nobis corporis quaerat molestiae quae atque. Quia assumenda quo et.', '2018-08-15 16:37:30');
INSERT INTO `messages` (`id`, `from_user_id`, `to_user_id`, `body`, `created_at`) VALUES ('226', '391', '391', 'At fuga assumenda iusto tempora officiis. Consequatur facilis ex sint non qui corrupti consequatur ut. Commodi corrupti id ab eos illum officia illo.', '1974-11-05 17:39:44');
INSERT INTO `messages` (`id`, `from_user_id`, `to_user_id`, `body`, `created_at`) VALUES ('227', '392', '392', 'Et qui amet architecto assumenda dignissimos deserunt. Placeat vel odio dignissimos qui vitae. Assumenda modi rerum temporibus officia quis impedit.', '2003-05-25 11:32:20');
INSERT INTO `messages` (`id`, `from_user_id`, `to_user_id`, `body`, `created_at`) VALUES ('228', '393', '393', 'Reiciendis consequuntur et unde. Omnis ut eveniet consequatur. Ducimus aliquid molestiae et sed et voluptatem mollitia. Error soluta esse corrupti et.', '2012-06-24 03:53:22');
INSERT INTO `messages` (`id`, `from_user_id`, `to_user_id`, `body`, `created_at`) VALUES ('229', '394', '394', 'Modi magnam corporis repudiandae id dolorem a. Culpa aliquid id voluptatem quia cumque rerum. Voluptatem laudantium iure perferendis illo. Aut qui voluptatibus et laboriosam illo.', '2021-06-14 08:13:48');
INSERT INTO `messages` (`id`, `from_user_id`, `to_user_id`, `body`, `created_at`) VALUES ('230', '395', '395', 'Repudiandae enim placeat dolores esse. Nam quaerat excepturi iusto laboriosam sed odit. Voluptas quo quidem ut itaque. Aut praesentium nam tempore quidem delectus qui.', '1973-11-19 09:38:41');
INSERT INTO `messages` (`id`, `from_user_id`, `to_user_id`, `body`, `created_at`) VALUES ('231', '396', '396', 'Ut voluptatem voluptas facilis mollitia incidunt rerum earum. Voluptas et officia officia consequatur iste omnis.', '1979-08-06 03:52:08');
INSERT INTO `messages` (`id`, `from_user_id`, `to_user_id`, `body`, `created_at`) VALUES ('232', '400', '400', 'Cumque non maiores quibusdam porro impedit ea nisi alias. Architecto est cum quibusdam quasi et tenetur officiis. Sunt eaque laborum eos ut. Quis et inventore quo quo.', '2013-08-21 04:58:41');
INSERT INTO `messages` (`id`, `from_user_id`, `to_user_id`, `body`, `created_at`) VALUES ('233', '401', '401', 'Quas sit incidunt quia maxime. Maxime quisquam sint voluptatem officia. Ut aliquam dolores molestias necessitatibus ut fuga nostrum ut. Et voluptates aut ipsam.', '2020-05-09 07:36:04');
INSERT INTO `messages` (`id`, `from_user_id`, `to_user_id`, `body`, `created_at`) VALUES ('234', '402', '402', 'Quia ratione consectetur et esse modi. Nisi consectetur quam sed. Nihil ea enim suscipit ducimus. Ullam cupiditate magni dolorum corrupti saepe illo ullam.', '1976-02-01 19:54:01');
INSERT INTO `messages` (`id`, `from_user_id`, `to_user_id`, `body`, `created_at`) VALUES ('235', '403', '403', 'Ut est ea est aliquid quasi tempore eveniet. Exercitationem quidem officiis aut mollitia maiores. Necessitatibus eum ut et voluptates ut ipsam.', '2010-03-22 23:50:59');
INSERT INTO `messages` (`id`, `from_user_id`, `to_user_id`, `body`, `created_at`) VALUES ('236', '405', '405', 'Culpa est dignissimos eum. Rerum corporis quis sapiente dolores magni. Facilis qui atque maxime vitae.', '1970-10-10 11:38:01');
INSERT INTO `messages` (`id`, `from_user_id`, `to_user_id`, `body`, `created_at`) VALUES ('237', '407', '407', 'Incidunt totam laborum ea sit minima odit quas. In repellat vitae cupiditate. Velit et nemo non veritatis ea accusantium est. Quia ipsam ipsum amet ratione.', '2018-05-14 18:41:57');
INSERT INTO `messages` (`id`, `from_user_id`, `to_user_id`, `body`, `created_at`) VALUES ('238', '409', '409', 'Laborum minima omnis aut mollitia modi enim nihil. Ex placeat placeat consequatur aut illo dolorem sapiente et. Quia deserunt consequuntur vero eveniet est maxime error vel. Libero quisquam nisi minus iure.', '2019-07-03 12:29:29');
INSERT INTO `messages` (`id`, `from_user_id`, `to_user_id`, `body`, `created_at`) VALUES ('239', '410', '410', 'Porro eligendi ea temporibus quis ea voluptatibus. In ut cum illo quas. Ut aut labore nemo aut perspiciatis consectetur. Qui eos libero nesciunt deleniti officia eos.', '1997-06-06 19:22:24');
INSERT INTO `messages` (`id`, `from_user_id`, `to_user_id`, `body`, `created_at`) VALUES ('240', '412', '412', 'Quo fugit sit enim ut commodi. Ipsam ipsa quis voluptatem laboriosam. Omnis nobis consequatur quis incidunt eveniet dolor. Vero dolorem dolores perspiciatis saepe.', '1971-07-09 08:43:59');
INSERT INTO `messages` (`id`, `from_user_id`, `to_user_id`, `body`, `created_at`) VALUES ('241', '413', '413', 'Est dolorum eos harum in vitae. Labore eaque repellendus possimus assumenda. Inventore earum exercitationem nostrum incidunt consequatur omnis et aut.', '2009-01-25 16:28:49');
INSERT INTO `messages` (`id`, `from_user_id`, `to_user_id`, `body`, `created_at`) VALUES ('242', '414', '414', 'Voluptates dolorum repellat ut nam. Dolor dignissimos ducimus aut rerum. Libero qui quo omnis voluptas et quibusdam. Nobis et nisi dolores possimus modi optio.', '1982-06-05 07:20:52');
INSERT INTO `messages` (`id`, `from_user_id`, `to_user_id`, `body`, `created_at`) VALUES ('243', '418', '418', 'Est dicta reprehenderit corrupti vel id voluptatem dolorem. Voluptatibus earum enim omnis quaerat ipsam quas. Vel tenetur reiciendis repudiandae distinctio non. In voluptas minus velit dolores repellendus accusamus.', '1977-08-05 12:01:06');
INSERT INTO `messages` (`id`, `from_user_id`, `to_user_id`, `body`, `created_at`) VALUES ('244', '420', '420', 'Et enim sequi ullam eveniet harum ut qui. Vero quasi unde esse velit impedit voluptas et. Aperiam id ea quam vel omnis et in nobis. Enim maxime esse delectus eaque quasi quas rerum.', '2015-03-02 00:40:03');
INSERT INTO `messages` (`id`, `from_user_id`, `to_user_id`, `body`, `created_at`) VALUES ('245', '421', '421', 'Earum perferendis dolor enim et. Et pariatur deserunt quia reiciendis sit et. Eligendi perferendis sit non et accusamus. Et ut earum possimus molestias harum dolores quo.', '1988-03-12 11:40:58');
INSERT INTO `messages` (`id`, `from_user_id`, `to_user_id`, `body`, `created_at`) VALUES ('246', '422', '422', 'At autem pariatur eveniet quibusdam. Accusantium quo culpa voluptas rem sunt. Et aut et et id temporibus aspernatur totam corrupti. Voluptatibus itaque sapiente ad nisi nihil sit iste cum. Aspernatur et accusamus qui ipsam ea esse qui voluptas.', '1990-10-22 17:42:22');
INSERT INTO `messages` (`id`, `from_user_id`, `to_user_id`, `body`, `created_at`) VALUES ('247', '423', '423', 'Laudantium a sunt qui odit labore perferendis et dolorum. Praesentium qui praesentium a porro repellat. Explicabo ea assumenda aut quo assumenda porro dolores et. Nihil et id voluptatum molestiae sint. Eligendi in aut est illo explicabo aut qui.', '1992-02-02 15:20:30');
INSERT INTO `messages` (`id`, `from_user_id`, `to_user_id`, `body`, `created_at`) VALUES ('248', '425', '425', 'Quod reiciendis consequuntur nostrum quasi cupiditate. Tempore culpa cum maxime veniam.', '2015-08-11 10:18:15');
INSERT INTO `messages` (`id`, `from_user_id`, `to_user_id`, `body`, `created_at`) VALUES ('249', '426', '426', 'Placeat quibusdam eum aliquam cumque sed unde. Ad voluptas fuga voluptatem. Necessitatibus eum repellendus provident. Excepturi deserunt debitis eaque quod repellendus ex neque explicabo.', '1988-09-17 02:31:00');
INSERT INTO `messages` (`id`, `from_user_id`, `to_user_id`, `body`, `created_at`) VALUES ('250', '430', '430', 'Dolor labore qui et. Sint non et voluptatum id qui unde. Nostrum ut et sit omnis aut dolorem. Labore et quas et dolores voluptatem quod voluptas laudantium.', '1976-11-30 13:51:36');
INSERT INTO `messages` (`id`, `from_user_id`, `to_user_id`, `body`, `created_at`) VALUES ('251', '431', '431', 'Corporis voluptatem aut laborum quae occaecati adipisci. Sed unde dolor eligendi nisi ipsa aut. Sint molestias in est ea. Labore neque eum earum esse sit. Voluptas nostrum in et dicta velit maiores.', '1989-12-23 14:52:05');
INSERT INTO `messages` (`id`, `from_user_id`, `to_user_id`, `body`, `created_at`) VALUES ('252', '437', '437', 'Eaque perferendis autem illo repudiandae eius aut. Architecto tempore nihil rerum adipisci possimus. Vitae voluptas et voluptatem animi quo adipisci. Delectus et quasi sed sed vel.', '1997-01-12 04:47:47');
INSERT INTO `messages` (`id`, `from_user_id`, `to_user_id`, `body`, `created_at`) VALUES ('253', '439', '439', 'Autem voluptatum assumenda optio voluptatem consequatur natus aut sint. Ea facere ducimus non. Quas tempora ad deleniti ratione consequatur molestiae. Eaque qui id nam et tenetur consequatur voluptas.', '1971-11-27 11:14:05');
INSERT INTO `messages` (`id`, `from_user_id`, `to_user_id`, `body`, `created_at`) VALUES ('254', '440', '440', 'Optio quo temporibus enim perspiciatis eaque animi. Ut voluptas tenetur voluptatem temporibus. Molestiae adipisci adipisci voluptates laboriosam. Ex et quasi voluptas.', '2004-12-08 23:52:49');
INSERT INTO `messages` (`id`, `from_user_id`, `to_user_id`, `body`, `created_at`) VALUES ('255', '441', '441', 'Et iste repudiandae voluptatem ut. Et facilis ad sunt similique rerum dolores illum velit. Mollitia minima totam tempore molestias magnam. Alias quia magnam ut expedita aspernatur.', '2009-11-24 00:53:14');
INSERT INTO `messages` (`id`, `from_user_id`, `to_user_id`, `body`, `created_at`) VALUES ('256', '442', '442', 'Adipisci consequatur doloribus nostrum exercitationem et autem voluptas. Sunt enim impedit tempore asperiores rem neque nihil soluta. Cupiditate beatae alias asperiores unde quia eaque et. Neque ut amet qui perferendis.', '1994-12-25 05:31:19');
INSERT INTO `messages` (`id`, `from_user_id`, `to_user_id`, `body`, `created_at`) VALUES ('257', '446', '446', 'Doloremque quam odio consequuntur sint. Quo in nam laboriosam. Velit debitis facere neque. Dignissimos quam a voluptas facilis suscipit.', '1981-06-09 16:15:46');
INSERT INTO `messages` (`id`, `from_user_id`, `to_user_id`, `body`, `created_at`) VALUES ('258', '447', '447', 'Fugit possimus distinctio est nam iusto cupiditate. Dolor eos ullam veritatis praesentium quo fugit quisquam. Autem ut veritatis recusandae debitis facilis. Molestiae et suscipit quas nulla doloribus aut ad. Voluptatem nesciunt ex sit.', '2011-08-04 00:20:50');
INSERT INTO `messages` (`id`, `from_user_id`, `to_user_id`, `body`, `created_at`) VALUES ('259', '448', '448', 'Eius culpa soluta cumque rerum voluptate. Corrupti fugit maxime iste voluptatibus quibusdam quia quidem. Quia et incidunt soluta.', '1997-04-09 16:22:09');
INSERT INTO `messages` (`id`, `from_user_id`, `to_user_id`, `body`, `created_at`) VALUES ('260', '450', '450', 'Aperiam et quam et explicabo repellat reprehenderit quia. Et quos velit qui praesentium. Tempore corrupti id ea possimus nemo. Qui amet id et.', '2007-08-01 10:26:46');
INSERT INTO `messages` (`id`, `from_user_id`, `to_user_id`, `body`, `created_at`) VALUES ('261', '451', '451', 'Soluta sint consequatur vel voluptatibus. Cum corrupti eius amet rerum. Neque ex dolore corporis. Est molestiae veniam reprehenderit corrupti occaecati necessitatibus aut veniam.', '1993-12-21 14:35:54');
INSERT INTO `messages` (`id`, `from_user_id`, `to_user_id`, `body`, `created_at`) VALUES ('262', '452', '452', 'Deserunt laborum eum rem omnis accusantium quidem autem. Soluta perspiciatis odit harum pariatur iusto corporis. Ipsa fuga sed consequuntur et quia est vero.', '1977-06-26 06:09:04');
INSERT INTO `messages` (`id`, `from_user_id`, `to_user_id`, `body`, `created_at`) VALUES ('263', '456', '456', 'Dolorum commodi tempora aut ut non accusamus. Quaerat necessitatibus laboriosam tenetur impedit non laboriosam. Ducimus eum quidem quis exercitationem.', '2019-06-29 10:50:02');
INSERT INTO `messages` (`id`, `from_user_id`, `to_user_id`, `body`, `created_at`) VALUES ('264', '457', '457', 'Dolorum aut debitis nobis consequatur et. Molestias recusandae sunt ratione esse ut officiis. Error eum fugit et est sit. Nam est ipsa ipsa nulla eveniet earum.', '1990-04-06 11:23:00');
INSERT INTO `messages` (`id`, `from_user_id`, `to_user_id`, `body`, `created_at`) VALUES ('265', '458', '458', 'Quisquam ut velit iusto illo quia laudantium. Expedita et a odio quo. Voluptatem in quia nemo aperiam repellat quis.', '1978-10-31 15:00:19');
INSERT INTO `messages` (`id`, `from_user_id`, `to_user_id`, `body`, `created_at`) VALUES ('266', '459', '459', 'Aspernatur deserunt ullam quidem vel. Consequuntur rerum veritatis optio dolorum. Blanditiis error atque quas et.', '1974-08-21 19:00:51');
INSERT INTO `messages` (`id`, `from_user_id`, `to_user_id`, `body`, `created_at`) VALUES ('267', '460', '460', 'Nostrum ipsum dolores id dolor laborum et perferendis perspiciatis. Facere in consequatur et reprehenderit quas. Rem porro nobis architecto numquam minus non. Quo fuga commodi deserunt dolorem ad laudantium reprehenderit.', '2003-02-14 07:53:15');
INSERT INTO `messages` (`id`, `from_user_id`, `to_user_id`, `body`, `created_at`) VALUES ('268', '461', '461', 'Maxime reiciendis perferendis dignissimos voluptatum quia. Sit accusantium alias neque nostrum autem dolores aut. Vero architecto non provident earum. Praesentium blanditiis quas nihil ut temporibus illum.', '2006-03-13 17:06:17');
INSERT INTO `messages` (`id`, `from_user_id`, `to_user_id`, `body`, `created_at`) VALUES ('269', '463', '463', 'Sint et quia et quia voluptatibus. Ipsam similique consequatur quasi earum beatae reiciendis. Non maiores quia temporibus qui omnis nam.', '1988-08-10 04:21:48');
INSERT INTO `messages` (`id`, `from_user_id`, `to_user_id`, `body`, `created_at`) VALUES ('270', '464', '464', 'Magni ducimus perferendis quasi culpa qui aut aperiam. Nam adipisci magnam nemo ut perspiciatis corrupti et. Unde ipsam magnam et earum repellat corporis. Autem excepturi porro ut sed quasi.', '1992-08-14 09:31:27');
INSERT INTO `messages` (`id`, `from_user_id`, `to_user_id`, `body`, `created_at`) VALUES ('271', '466', '466', 'Sit excepturi ut reiciendis voluptates error. Id libero qui qui ratione nulla. Laboriosam voluptatem deserunt repudiandae. Eveniet rerum corrupti eum voluptatem doloremque consequatur.', '1980-06-25 11:44:43');
INSERT INTO `messages` (`id`, `from_user_id`, `to_user_id`, `body`, `created_at`) VALUES ('272', '467', '467', 'Ut suscipit quisquam minima voluptates in. Laborum beatae praesentium et et. Sunt quod soluta odit dolore modi. Sed sed et tenetur sed et ratione consectetur.', '1981-05-11 08:35:59');
INSERT INTO `messages` (`id`, `from_user_id`, `to_user_id`, `body`, `created_at`) VALUES ('273', '468', '468', 'Eum necessitatibus est animi aliquam. Esse voluptas maiores magni quia aut excepturi officiis. Sed quos libero neque nisi. Dolor repellendus qui delectus eos sunt. Aperiam dicta modi et vero.', '1975-04-14 09:00:11');
INSERT INTO `messages` (`id`, `from_user_id`, `to_user_id`, `body`, `created_at`) VALUES ('274', '469', '469', 'Ducimus maxime qui inventore. Veritatis non sed nihil aperiam iure. Et et excepturi temporibus ratione deleniti cupiditate.', '2018-04-09 19:10:57');
INSERT INTO `messages` (`id`, `from_user_id`, `to_user_id`, `body`, `created_at`) VALUES ('275', '470', '470', 'Et ex amet sapiente quia nobis. Ut cumque quam asperiores sunt.', '1994-02-12 12:24:31');
INSERT INTO `messages` (`id`, `from_user_id`, `to_user_id`, `body`, `created_at`) VALUES ('276', '474', '474', 'Et ea occaecati distinctio. Nostrum explicabo exercitationem corrupti. Sit dolore quia suscipit hic quas labore ut. Qui beatae illo aliquid repellat aliquam suscipit. Nostrum autem est quo veniam est fuga ut.', '2004-12-24 05:31:20');
INSERT INTO `messages` (`id`, `from_user_id`, `to_user_id`, `body`, `created_at`) VALUES ('277', '479', '479', 'Ut quibusdam quam ea autem ipsum est incidunt et. Nulla qui voluptatem eligendi minima omnis ad. Qui voluptatem corporis et repellat sed error quasi.', '1983-07-29 15:56:20');
INSERT INTO `messages` (`id`, `from_user_id`, `to_user_id`, `body`, `created_at`) VALUES ('278', '480', '480', 'Quasi aut accusamus dolor suscipit praesentium. Dolor aut est ea.', '1983-12-24 20:45:57');
INSERT INTO `messages` (`id`, `from_user_id`, `to_user_id`, `body`, `created_at`) VALUES ('279', '482', '482', 'Et nihil architecto suscipit non. Commodi et porro consequuntur ex et. Deleniti labore quis nihil nulla dignissimos omnis culpa.', '2011-10-13 05:47:24');
INSERT INTO `messages` (`id`, `from_user_id`, `to_user_id`, `body`, `created_at`) VALUES ('280', '483', '483', 'Et aliquam et molestias ratione mollitia. Incidunt natus facere itaque beatae. Totam et illum fuga ducimus atque ullam.', '1998-10-28 14:23:11');
INSERT INTO `messages` (`id`, `from_user_id`, `to_user_id`, `body`, `created_at`) VALUES ('281', '484', '484', 'Eaque aut repellat ipsa aut. Ut esse pariatur ullam incidunt. Illo quibusdam magnam illum quod laborum officiis. Nostrum omnis sed sit et enim provident dolor.', '1999-01-20 12:41:08');
INSERT INTO `messages` (`id`, `from_user_id`, `to_user_id`, `body`, `created_at`) VALUES ('282', '487', '487', 'Et similique ex magnam culpa maxime quis autem consectetur. Deleniti et sunt sit nobis nesciunt. Et doloribus aspernatur quisquam numquam. Magnam quo cum et ducimus perspiciatis voluptatem magnam non.', '1980-04-22 04:41:36');
INSERT INTO `messages` (`id`, `from_user_id`, `to_user_id`, `body`, `created_at`) VALUES ('283', '491', '491', 'Magni ullam beatae et deleniti modi voluptatem sunt quod. Ab qui et consectetur quaerat consequuntur necessitatibus. Amet voluptatem est non aut ut ab quia. Ut at explicabo nisi aperiam ut eos impedit aliquam. Atque accusamus officiis magnam necessitatibus aperiam.', '1987-02-06 04:35:44');
INSERT INTO `messages` (`id`, `from_user_id`, `to_user_id`, `body`, `created_at`) VALUES ('284', '492', '492', 'Architecto qui aut provident animi. Ea rerum minima deleniti suscipit tempora. Maiores inventore officia cum ex temporibus.', '2007-12-24 15:21:22');
INSERT INTO `messages` (`id`, `from_user_id`, `to_user_id`, `body`, `created_at`) VALUES ('285', '493', '493', 'Velit expedita aut consequuntur qui. Blanditiis delectus reprehenderit eos commodi accusantium.', '1983-11-14 05:23:01');
INSERT INTO `messages` (`id`, `from_user_id`, `to_user_id`, `body`, `created_at`) VALUES ('286', '494', '494', 'Hic voluptas libero consequatur voluptatibus. Eligendi ad ut quia nihil dolorem qui excepturi provident. Voluptate impedit quia enim recusandae commodi. Molestias minus voluptatem inventore consequatur enim et ut ut.', '2009-12-31 23:01:45');
INSERT INTO `messages` (`id`, `from_user_id`, `to_user_id`, `body`, `created_at`) VALUES ('287', '496', '496', 'Distinctio est eligendi nostrum tempora veritatis. Ea ut quidem itaque sint quia ea. Cumque harum aut beatae officia corrupti ut. Enim sunt rerum qui nisi alias.', '2020-08-12 04:50:28');
INSERT INTO `messages` (`id`, `from_user_id`, `to_user_id`, `body`, `created_at`) VALUES ('288', '497', '497', 'Dolorem ipsam a recusandae qui consequatur nihil et rem. Est et aliquid explicabo commodi aliquam deserunt consequatur sint. Animi voluptate qui fugit perspiciatis quia qui. Placeat sit distinctio perspiciatis.', '1984-08-24 03:05:36');
INSERT INTO `messages` (`id`, `from_user_id`, `to_user_id`, `body`, `created_at`) VALUES ('289', '498', '498', 'Iste ad veniam sunt illo commodi laboriosam qui. Sunt nam qui sed ut minima modi enim ducimus. Non perspiciatis et ea consequatur. Porro et deleniti sapiente illum.', '2011-03-13 01:55:04');
INSERT INTO `messages` (`id`, `from_user_id`, `to_user_id`, `body`, `created_at`) VALUES ('290', '500', '500', 'Quibusdam qui ut et in. Assumenda fugit rerum accusamus cum explicabo. Eligendi repudiandae nam earum omnis sequi asperiores. Omnis id molestiae dolor.', '1990-12-22 04:51:30');
INSERT INTO `messages` (`id`, `from_user_id`, `to_user_id`, `body`, `created_at`) VALUES ('291', '501', '501', 'Voluptatem velit totam qui tenetur aut. Molestias dolorem quibusdam aspernatur iste minima molestiae. Sunt doloribus unde qui modi illo. Numquam omnis laborum reiciendis sed assumenda autem et.', '1982-04-26 03:06:38');
INSERT INTO `messages` (`id`, `from_user_id`, `to_user_id`, `body`, `created_at`) VALUES ('292', '503', '503', 'Eos et ea consequatur id sapiente rerum molestiae. Facere incidunt et excepturi omnis dolor sed. Tempora et autem nesciunt sunt at ab. Est ipsum deserunt quia.', '2000-01-16 04:38:23');
INSERT INTO `messages` (`id`, `from_user_id`, `to_user_id`, `body`, `created_at`) VALUES ('293', '504', '504', 'Odit necessitatibus repudiandae maiores qui quas. Et voluptas maiores aut atque. Explicabo molestiae iusto harum perspiciatis amet est. Ratione quis et voluptatibus molestias deleniti non eius quidem.', '1988-04-23 13:03:24');
INSERT INTO `messages` (`id`, `from_user_id`, `to_user_id`, `body`, `created_at`) VALUES ('294', '505', '505', 'Laborum sunt nisi pariatur et dolor ex recusandae. Tempore at ad non beatae molestiae officiis nihil. Maxime ad et dolores ipsa qui accusantium accusantium.', '1983-07-12 13:00:51');
INSERT INTO `messages` (`id`, `from_user_id`, `to_user_id`, `body`, `created_at`) VALUES ('295', '507', '507', 'Nihil tempore ut nihil vel eos accusantium ea. Ratione vel sit quasi dolorem minus veritatis. Sunt hic corporis atque rerum aut.', '2001-11-04 05:24:43');
INSERT INTO `messages` (`id`, `from_user_id`, `to_user_id`, `body`, `created_at`) VALUES ('296', '508', '508', 'Est quia quaerat quam praesentium. Qui quisquam qui voluptatem pariatur temporibus aperiam blanditiis. Consequatur debitis qui qui maxime eligendi quisquam. Ut excepturi aut tenetur beatae dolore.', '2010-09-15 18:10:44');
INSERT INTO `messages` (`id`, `from_user_id`, `to_user_id`, `body`, `created_at`) VALUES ('297', '509', '509', 'Consequatur id quia et rerum porro. Quod sit magni possimus nostrum molestiae voluptatum. Unde non ipsam placeat voluptas accusantium.', '1972-04-05 03:02:09');
INSERT INTO `messages` (`id`, `from_user_id`, `to_user_id`, `body`, `created_at`) VALUES ('298', '510', '510', 'Debitis consequatur minima et quis doloremque ut. Expedita sit tempore quos est officia sapiente eligendi voluptas. Quam architecto consequatur rerum veniam cumque. Perferendis laudantium in tempora enim et voluptas.', '2011-03-04 01:47:29');
INSERT INTO `messages` (`id`, `from_user_id`, `to_user_id`, `body`, `created_at`) VALUES ('299', '511', '511', 'Id cupiditate sint et animi quis dicta unde. Blanditiis at a cum nihil voluptatibus. Tempora ut dicta quia commodi officiis et molestiae. Ab quidem atque modi laboriosam tempore. Eum sit nulla blanditiis.', '2005-06-02 08:40:04');
INSERT INTO `messages` (`id`, `from_user_id`, `to_user_id`, `body`, `created_at`) VALUES ('300', '513', '513', 'Excepturi quia accusantium qui consequatur molestiae. Odio alias ut consequatur sed et occaecati eos. Dicta eum quia ipsa assumenda officia aut eius.', '1977-09-22 07:53:39');




#
# TABLE STRUCTURE FOR: photos
#

DROP TABLE IF EXISTS `photos`;

CREATE TABLE `photos` (
  `id` bigint(20) unsigned NOT NULL AUTO_INCREMENT,
  `album_id` bigint(20) unsigned DEFAULT NULL,
  `media_id` bigint(20) unsigned NOT NULL,
  UNIQUE KEY `id` (`id`),
  KEY `album_id` (`album_id`),
  KEY `media_id` (`media_id`),
  CONSTRAINT `photos_ibfk_1` FOREIGN KEY (`album_id`) REFERENCES `photo_albums` (`id`),
  CONSTRAINT `photos_ibfk_2` FOREIGN KEY (`media_id`) REFERENCES `media` (`id`)
) ENGINE=InnoDB AUTO_INCREMENT=201 DEFAULT CHARSET=utf8mb4 COLLATE=utf8mb4_unicode_ci;

INSERT INTO `photos` (`id`, `album_id`, `media_id`) VALUES ('1', '1', '1');
INSERT INTO `photos` (`id`, `album_id`, `media_id`) VALUES ('2', '2', '2');
INSERT INTO `photos` (`id`, `album_id`, `media_id`) VALUES ('3', '3', '3');
INSERT INTO `photos` (`id`, `album_id`, `media_id`) VALUES ('4', '4', '4');
INSERT INTO `photos` (`id`, `album_id`, `media_id`) VALUES ('5', '5', '5');
INSERT INTO `photos` (`id`, `album_id`, `media_id`) VALUES ('6', '6', '6');
INSERT INTO `photos` (`id`, `album_id`, `media_id`) VALUES ('7', '7', '7');
INSERT INTO `photos` (`id`, `album_id`, `media_id`) VALUES ('8', '8', '8');
INSERT INTO `photos` (`id`, `album_id`, `media_id`) VALUES ('9', '9', '9');
INSERT INTO `photos` (`id`, `album_id`, `media_id`) VALUES ('10', '10', '10');
INSERT INTO `photos` (`id`, `album_id`, `media_id`) VALUES ('11', '11', '11');
INSERT INTO `photos` (`id`, `album_id`, `media_id`) VALUES ('12', '12', '12');
INSERT INTO `photos` (`id`, `album_id`, `media_id`) VALUES ('13', '13', '13');
INSERT INTO `photos` (`id`, `album_id`, `media_id`) VALUES ('14', '14', '14');
INSERT INTO `photos` (`id`, `album_id`, `media_id`) VALUES ('15', '15', '15');
INSERT INTO `photos` (`id`, `album_id`, `media_id`) VALUES ('16', '16', '16');
INSERT INTO `photos` (`id`, `album_id`, `media_id`) VALUES ('17', '17', '17');
INSERT INTO `photos` (`id`, `album_id`, `media_id`) VALUES ('18', '18', '18');
INSERT INTO `photos` (`id`, `album_id`, `media_id`) VALUES ('19', '19', '19');
INSERT INTO `photos` (`id`, `album_id`, `media_id`) VALUES ('20', '20', '20');
INSERT INTO `photos` (`id`, `album_id`, `media_id`) VALUES ('21', '21', '21');
INSERT INTO `photos` (`id`, `album_id`, `media_id`) VALUES ('22', '22', '22');
INSERT INTO `photos` (`id`, `album_id`, `media_id`) VALUES ('23', '23', '23');
INSERT INTO `photos` (`id`, `album_id`, `media_id`) VALUES ('24', '24', '24');
INSERT INTO `photos` (`id`, `album_id`, `media_id`) VALUES ('25', '25', '25');
INSERT INTO `photos` (`id`, `album_id`, `media_id`) VALUES ('26', '26', '26');
INSERT INTO `photos` (`id`, `album_id`, `media_id`) VALUES ('27', '27', '27');
INSERT INTO `photos` (`id`, `album_id`, `media_id`) VALUES ('28', '28', '28');
INSERT INTO `photos` (`id`, `album_id`, `media_id`) VALUES ('29', '29', '29');
INSERT INTO `photos` (`id`, `album_id`, `media_id`) VALUES ('30', '30', '30');
INSERT INTO `photos` (`id`, `album_id`, `media_id`) VALUES ('31', '31', '31');
INSERT INTO `photos` (`id`, `album_id`, `media_id`) VALUES ('32', '32', '32');
INSERT INTO `photos` (`id`, `album_id`, `media_id`) VALUES ('33', '33', '33');
INSERT INTO `photos` (`id`, `album_id`, `media_id`) VALUES ('34', '34', '34');
INSERT INTO `photos` (`id`, `album_id`, `media_id`) VALUES ('35', '35', '35');
INSERT INTO `photos` (`id`, `album_id`, `media_id`) VALUES ('36', '36', '36');
INSERT INTO `photos` (`id`, `album_id`, `media_id`) VALUES ('37', '37', '37');
INSERT INTO `photos` (`id`, `album_id`, `media_id`) VALUES ('38', '38', '38');
INSERT INTO `photos` (`id`, `album_id`, `media_id`) VALUES ('39', '39', '39');
INSERT INTO `photos` (`id`, `album_id`, `media_id`) VALUES ('40', '40', '40');
INSERT INTO `photos` (`id`, `album_id`, `media_id`) VALUES ('41', '41', '41');
INSERT INTO `photos` (`id`, `album_id`, `media_id`) VALUES ('42', '42', '42');
INSERT INTO `photos` (`id`, `album_id`, `media_id`) VALUES ('43', '43', '43');
INSERT INTO `photos` (`id`, `album_id`, `media_id`) VALUES ('44', '44', '44');
INSERT INTO `photos` (`id`, `album_id`, `media_id`) VALUES ('45', '45', '45');
INSERT INTO `photos` (`id`, `album_id`, `media_id`) VALUES ('46', '46', '46');
INSERT INTO `photos` (`id`, `album_id`, `media_id`) VALUES ('47', '47', '47');
INSERT INTO `photos` (`id`, `album_id`, `media_id`) VALUES ('48', '48', '48');
INSERT INTO `photos` (`id`, `album_id`, `media_id`) VALUES ('49', '49', '49');
INSERT INTO `photos` (`id`, `album_id`, `media_id`) VALUES ('50', '50', '50');
INSERT INTO `photos` (`id`, `album_id`, `media_id`) VALUES ('51', '51', '51');
INSERT INTO `photos` (`id`, `album_id`, `media_id`) VALUES ('52', '52', '52');
INSERT INTO `photos` (`id`, `album_id`, `media_id`) VALUES ('53', '53', '53');
INSERT INTO `photos` (`id`, `album_id`, `media_id`) VALUES ('54', '54', '54');
INSERT INTO `photos` (`id`, `album_id`, `media_id`) VALUES ('55', '55', '55');
INSERT INTO `photos` (`id`, `album_id`, `media_id`) VALUES ('56', '56', '56');
INSERT INTO `photos` (`id`, `album_id`, `media_id`) VALUES ('57', '57', '57');
INSERT INTO `photos` (`id`, `album_id`, `media_id`) VALUES ('58', '58', '58');
INSERT INTO `photos` (`id`, `album_id`, `media_id`) VALUES ('59', '59', '59');
INSERT INTO `photos` (`id`, `album_id`, `media_id`) VALUES ('60', '60', '60');
INSERT INTO `photos` (`id`, `album_id`, `media_id`) VALUES ('61', '61', '61');
INSERT INTO `photos` (`id`, `album_id`, `media_id`) VALUES ('62', '62', '62');
INSERT INTO `photos` (`id`, `album_id`, `media_id`) VALUES ('63', '63', '63');
INSERT INTO `photos` (`id`, `album_id`, `media_id`) VALUES ('64', '64', '64');
INSERT INTO `photos` (`id`, `album_id`, `media_id`) VALUES ('65', '65', '65');
INSERT INTO `photos` (`id`, `album_id`, `media_id`) VALUES ('66', '66', '66');
INSERT INTO `photos` (`id`, `album_id`, `media_id`) VALUES ('67', '67', '67');
INSERT INTO `photos` (`id`, `album_id`, `media_id`) VALUES ('68', '68', '68');
INSERT INTO `photos` (`id`, `album_id`, `media_id`) VALUES ('69', '69', '69');
INSERT INTO `photos` (`id`, `album_id`, `media_id`) VALUES ('70', '70', '70');
INSERT INTO `photos` (`id`, `album_id`, `media_id`) VALUES ('71', '71', '71');
INSERT INTO `photos` (`id`, `album_id`, `media_id`) VALUES ('72', '72', '72');
INSERT INTO `photos` (`id`, `album_id`, `media_id`) VALUES ('73', '73', '73');
INSERT INTO `photos` (`id`, `album_id`, `media_id`) VALUES ('74', '74', '74');
INSERT INTO `photos` (`id`, `album_id`, `media_id`) VALUES ('75', '75', '75');
INSERT INTO `photos` (`id`, `album_id`, `media_id`) VALUES ('76', '76', '76');
INSERT INTO `photos` (`id`, `album_id`, `media_id`) VALUES ('77', '77', '77');
INSERT INTO `photos` (`id`, `album_id`, `media_id`) VALUES ('78', '78', '78');
INSERT INTO `photos` (`id`, `album_id`, `media_id`) VALUES ('79', '79', '79');
INSERT INTO `photos` (`id`, `album_id`, `media_id`) VALUES ('80', '80', '80');
INSERT INTO `photos` (`id`, `album_id`, `media_id`) VALUES ('81', '81', '81');
INSERT INTO `photos` (`id`, `album_id`, `media_id`) VALUES ('82', '82', '82');
INSERT INTO `photos` (`id`, `album_id`, `media_id`) VALUES ('83', '83', '83');
INSERT INTO `photos` (`id`, `album_id`, `media_id`) VALUES ('84', '84', '84');
INSERT INTO `photos` (`id`, `album_id`, `media_id`) VALUES ('85', '85', '85');
INSERT INTO `photos` (`id`, `album_id`, `media_id`) VALUES ('86', '86', '86');
INSERT INTO `photos` (`id`, `album_id`, `media_id`) VALUES ('87', '87', '87');
INSERT INTO `photos` (`id`, `album_id`, `media_id`) VALUES ('88', '88', '88');
INSERT INTO `photos` (`id`, `album_id`, `media_id`) VALUES ('89', '89', '89');
INSERT INTO `photos` (`id`, `album_id`, `media_id`) VALUES ('90', '90', '90');
INSERT INTO `photos` (`id`, `album_id`, `media_id`) VALUES ('91', '91', '91');
INSERT INTO `photos` (`id`, `album_id`, `media_id`) VALUES ('92', '92', '92');
INSERT INTO `photos` (`id`, `album_id`, `media_id`) VALUES ('93', '93', '93');
INSERT INTO `photos` (`id`, `album_id`, `media_id`) VALUES ('94', '94', '94');
INSERT INTO `photos` (`id`, `album_id`, `media_id`) VALUES ('95', '95', '95');
INSERT INTO `photos` (`id`, `album_id`, `media_id`) VALUES ('96', '96', '96');
INSERT INTO `photos` (`id`, `album_id`, `media_id`) VALUES ('97', '97', '97');
INSERT INTO `photos` (`id`, `album_id`, `media_id`) VALUES ('98', '98', '98');
INSERT INTO `photos` (`id`, `album_id`, `media_id`) VALUES ('99', '99', '99');
INSERT INTO `photos` (`id`, `album_id`, `media_id`) VALUES ('100', '100', '100');
INSERT INTO `photos` (`id`, `album_id`, `media_id`) VALUES ('101', '1', '1');
INSERT INTO `photos` (`id`, `album_id`, `media_id`) VALUES ('102', '2', '2');
INSERT INTO `photos` (`id`, `album_id`, `media_id`) VALUES ('103', '3', '3');
INSERT INTO `photos` (`id`, `album_id`, `media_id`) VALUES ('104', '4', '4');
INSERT INTO `photos` (`id`, `album_id`, `media_id`) VALUES ('105', '5', '5');
INSERT INTO `photos` (`id`, `album_id`, `media_id`) VALUES ('106', '6', '6');
INSERT INTO `photos` (`id`, `album_id`, `media_id`) VALUES ('107', '7', '7');
INSERT INTO `photos` (`id`, `album_id`, `media_id`) VALUES ('108', '8', '8');
INSERT INTO `photos` (`id`, `album_id`, `media_id`) VALUES ('109', '9', '9');
INSERT INTO `photos` (`id`, `album_id`, `media_id`) VALUES ('110', '10', '10');
INSERT INTO `photos` (`id`, `album_id`, `media_id`) VALUES ('111', '11', '11');
INSERT INTO `photos` (`id`, `album_id`, `media_id`) VALUES ('112', '12', '12');
INSERT INTO `photos` (`id`, `album_id`, `media_id`) VALUES ('113', '13', '13');
INSERT INTO `photos` (`id`, `album_id`, `media_id`) VALUES ('114', '14', '14');
INSERT INTO `photos` (`id`, `album_id`, `media_id`) VALUES ('115', '15', '15');
INSERT INTO `photos` (`id`, `album_id`, `media_id`) VALUES ('116', '16', '16');
INSERT INTO `photos` (`id`, `album_id`, `media_id`) VALUES ('117', '17', '17');
INSERT INTO `photos` (`id`, `album_id`, `media_id`) VALUES ('118', '18', '18');
INSERT INTO `photos` (`id`, `album_id`, `media_id`) VALUES ('119', '19', '19');
INSERT INTO `photos` (`id`, `album_id`, `media_id`) VALUES ('120', '20', '20');
INSERT INTO `photos` (`id`, `album_id`, `media_id`) VALUES ('121', '21', '21');
INSERT INTO `photos` (`id`, `album_id`, `media_id`) VALUES ('122', '22', '22');
INSERT INTO `photos` (`id`, `album_id`, `media_id`) VALUES ('123', '23', '23');
INSERT INTO `photos` (`id`, `album_id`, `media_id`) VALUES ('124', '24', '24');
INSERT INTO `photos` (`id`, `album_id`, `media_id`) VALUES ('125', '25', '25');
INSERT INTO `photos` (`id`, `album_id`, `media_id`) VALUES ('126', '26', '26');
INSERT INTO `photos` (`id`, `album_id`, `media_id`) VALUES ('127', '27', '27');
INSERT INTO `photos` (`id`, `album_id`, `media_id`) VALUES ('128', '28', '28');
INSERT INTO `photos` (`id`, `album_id`, `media_id`) VALUES ('129', '29', '29');
INSERT INTO `photos` (`id`, `album_id`, `media_id`) VALUES ('130', '30', '30');
INSERT INTO `photos` (`id`, `album_id`, `media_id`) VALUES ('131', '31', '31');
INSERT INTO `photos` (`id`, `album_id`, `media_id`) VALUES ('132', '32', '32');
INSERT INTO `photos` (`id`, `album_id`, `media_id`) VALUES ('133', '33', '33');
INSERT INTO `photos` (`id`, `album_id`, `media_id`) VALUES ('134', '34', '34');
INSERT INTO `photos` (`id`, `album_id`, `media_id`) VALUES ('135', '35', '35');
INSERT INTO `photos` (`id`, `album_id`, `media_id`) VALUES ('136', '36', '36');
INSERT INTO `photos` (`id`, `album_id`, `media_id`) VALUES ('137', '37', '37');
INSERT INTO `photos` (`id`, `album_id`, `media_id`) VALUES ('138', '38', '38');
INSERT INTO `photos` (`id`, `album_id`, `media_id`) VALUES ('139', '39', '39');
INSERT INTO `photos` (`id`, `album_id`, `media_id`) VALUES ('140', '40', '40');
INSERT INTO `photos` (`id`, `album_id`, `media_id`) VALUES ('141', '41', '41');
INSERT INTO `photos` (`id`, `album_id`, `media_id`) VALUES ('142', '42', '42');
INSERT INTO `photos` (`id`, `album_id`, `media_id`) VALUES ('143', '43', '43');
INSERT INTO `photos` (`id`, `album_id`, `media_id`) VALUES ('144', '44', '44');
INSERT INTO `photos` (`id`, `album_id`, `media_id`) VALUES ('145', '45', '45');
INSERT INTO `photos` (`id`, `album_id`, `media_id`) VALUES ('146', '46', '46');
INSERT INTO `photos` (`id`, `album_id`, `media_id`) VALUES ('147', '47', '47');
INSERT INTO `photos` (`id`, `album_id`, `media_id`) VALUES ('148', '48', '48');
INSERT INTO `photos` (`id`, `album_id`, `media_id`) VALUES ('149', '49', '49');
INSERT INTO `photos` (`id`, `album_id`, `media_id`) VALUES ('150', '50', '50');
INSERT INTO `photos` (`id`, `album_id`, `media_id`) VALUES ('151', '51', '51');
INSERT INTO `photos` (`id`, `album_id`, `media_id`) VALUES ('152', '52', '52');
INSERT INTO `photos` (`id`, `album_id`, `media_id`) VALUES ('153', '53', '53');
INSERT INTO `photos` (`id`, `album_id`, `media_id`) VALUES ('154', '54', '54');
INSERT INTO `photos` (`id`, `album_id`, `media_id`) VALUES ('155', '55', '55');
INSERT INTO `photos` (`id`, `album_id`, `media_id`) VALUES ('156', '56', '56');
INSERT INTO `photos` (`id`, `album_id`, `media_id`) VALUES ('157', '57', '57');
INSERT INTO `photos` (`id`, `album_id`, `media_id`) VALUES ('158', '58', '58');
INSERT INTO `photos` (`id`, `album_id`, `media_id`) VALUES ('159', '59', '59');
INSERT INTO `photos` (`id`, `album_id`, `media_id`) VALUES ('160', '60', '60');
INSERT INTO `photos` (`id`, `album_id`, `media_id`) VALUES ('161', '61', '61');
INSERT INTO `photos` (`id`, `album_id`, `media_id`) VALUES ('162', '62', '62');
INSERT INTO `photos` (`id`, `album_id`, `media_id`) VALUES ('163', '63', '63');
INSERT INTO `photos` (`id`, `album_id`, `media_id`) VALUES ('164', '64', '64');
INSERT INTO `photos` (`id`, `album_id`, `media_id`) VALUES ('165', '65', '65');
INSERT INTO `photos` (`id`, `album_id`, `media_id`) VALUES ('166', '66', '66');
INSERT INTO `photos` (`id`, `album_id`, `media_id`) VALUES ('167', '67', '67');
INSERT INTO `photos` (`id`, `album_id`, `media_id`) VALUES ('168', '68', '68');
INSERT INTO `photos` (`id`, `album_id`, `media_id`) VALUES ('169', '69', '69');
INSERT INTO `photos` (`id`, `album_id`, `media_id`) VALUES ('170', '70', '70');
INSERT INTO `photos` (`id`, `album_id`, `media_id`) VALUES ('171', '71', '71');
INSERT INTO `photos` (`id`, `album_id`, `media_id`) VALUES ('172', '72', '72');
INSERT INTO `photos` (`id`, `album_id`, `media_id`) VALUES ('173', '73', '73');
INSERT INTO `photos` (`id`, `album_id`, `media_id`) VALUES ('174', '74', '74');
INSERT INTO `photos` (`id`, `album_id`, `media_id`) VALUES ('175', '75', '75');
INSERT INTO `photos` (`id`, `album_id`, `media_id`) VALUES ('176', '76', '76');
INSERT INTO `photos` (`id`, `album_id`, `media_id`) VALUES ('177', '77', '77');
INSERT INTO `photos` (`id`, `album_id`, `media_id`) VALUES ('178', '78', '78');
INSERT INTO `photos` (`id`, `album_id`, `media_id`) VALUES ('179', '79', '79');
INSERT INTO `photos` (`id`, `album_id`, `media_id`) VALUES ('180', '80', '80');
INSERT INTO `photos` (`id`, `album_id`, `media_id`) VALUES ('181', '81', '81');
INSERT INTO `photos` (`id`, `album_id`, `media_id`) VALUES ('182', '82', '82');
INSERT INTO `photos` (`id`, `album_id`, `media_id`) VALUES ('183', '83', '83');
INSERT INTO `photos` (`id`, `album_id`, `media_id`) VALUES ('184', '84', '84');
INSERT INTO `photos` (`id`, `album_id`, `media_id`) VALUES ('185', '85', '85');
INSERT INTO `photos` (`id`, `album_id`, `media_id`) VALUES ('186', '86', '86');
INSERT INTO `photos` (`id`, `album_id`, `media_id`) VALUES ('187', '87', '87');
INSERT INTO `photos` (`id`, `album_id`, `media_id`) VALUES ('188', '88', '88');
INSERT INTO `photos` (`id`, `album_id`, `media_id`) VALUES ('189', '89', '89');
INSERT INTO `photos` (`id`, `album_id`, `media_id`) VALUES ('190', '90', '90');
INSERT INTO `photos` (`id`, `album_id`, `media_id`) VALUES ('191', '91', '91');
INSERT INTO `photos` (`id`, `album_id`, `media_id`) VALUES ('192', '92', '92');
INSERT INTO `photos` (`id`, `album_id`, `media_id`) VALUES ('193', '93', '93');
INSERT INTO `photos` (`id`, `album_id`, `media_id`) VALUES ('194', '94', '94');
INSERT INTO `photos` (`id`, `album_id`, `media_id`) VALUES ('195', '95', '95');
INSERT INTO `photos` (`id`, `album_id`, `media_id`) VALUES ('196', '96', '96');
INSERT INTO `photos` (`id`, `album_id`, `media_id`) VALUES ('197', '97', '97');
INSERT INTO `photos` (`id`, `album_id`, `media_id`) VALUES ('198', '98', '98');
INSERT INTO `photos` (`id`, `album_id`, `media_id`) VALUES ('199', '99', '99');
INSERT INTO `photos` (`id`, `album_id`, `media_id`) VALUES ('200', '100', '100');



#
# TABLE STRUCTURE FOR: video_albums
#

DROP TABLE IF EXISTS `video_albums`;

CREATE TABLE `video_albums` (
  `id` bigint(20) unsigned NOT NULL AUTO_INCREMENT,
  `name` varchar(255) COLLATE utf8mb4_unicode_ci DEFAULT NULL,
  `user_id` bigint(20) unsigned DEFAULT NULL,
  PRIMARY KEY (`id`),
  KEY `user_id` (`user_id`),
  CONSTRAINT `video_albums_ibfk_1` FOREIGN KEY (`user_id`) REFERENCES `users` (`id`) ON DELETE SET NULL ON UPDATE CASCADE
) ENGINE=InnoDB AUTO_INCREMENT=101 DEFAULT CHARSET=utf8mb4 COLLATE=utf8mb4_unicode_ci;

INSERT INTO `video_albums` (`id`, `name`, `user_id`) VALUES ('1', 'magni', '301');
INSERT INTO `video_albums` (`id`, `name`, `user_id`) VALUES ('2', 'sunt', '302');
INSERT INTO `video_albums` (`id`, `name`, `user_id`) VALUES ('3', 'modi', '303');
INSERT INTO `video_albums` (`id`, `name`, `user_id`) VALUES ('4', 'laudantium', '304');
INSERT INTO `video_albums` (`id`, `name`, `user_id`) VALUES ('5', 'natus', '305');
INSERT INTO `video_albums` (`id`, `name`, `user_id`) VALUES ('6', 'et', '308');
INSERT INTO `video_albums` (`id`, `name`, `user_id`) VALUES ('7', 'natus', '310');
INSERT INTO `video_albums` (`id`, `name`, `user_id`) VALUES ('8', 'ut', '311');
INSERT INTO `video_albums` (`id`, `name`, `user_id`) VALUES ('9', 'consequuntur', '312');
INSERT INTO `video_albums` (`id`, `name`, `user_id`) VALUES ('10', 'ullam', '313');
INSERT INTO `video_albums` (`id`, `name`, `user_id`) VALUES ('11', 'ut', '315');
INSERT INTO `video_albums` (`id`, `name`, `user_id`) VALUES ('12', 'officia', '316');
INSERT INTO `video_albums` (`id`, `name`, `user_id`) VALUES ('13', 'amet', '320');
INSERT INTO `video_albums` (`id`, `name`, `user_id`) VALUES ('14', 'animi', '321');
INSERT INTO `video_albums` (`id`, `name`, `user_id`) VALUES ('15', 'impedit', '323');
INSERT INTO `video_albums` (`id`, `name`, `user_id`) VALUES ('16', 'unde', '324');
INSERT INTO `video_albums` (`id`, `name`, `user_id`) VALUES ('17', 'omnis', '325');
INSERT INTO `video_albums` (`id`, `name`, `user_id`) VALUES ('18', 'quod', '326');
INSERT INTO `video_albums` (`id`, `name`, `user_id`) VALUES ('19', 'exercitationem', '328');
INSERT INTO `video_albums` (`id`, `name`, `user_id`) VALUES ('20', 'neque', '329');
INSERT INTO `video_albums` (`id`, `name`, `user_id`) VALUES ('21', 'voluptates', '333');
INSERT INTO `video_albums` (`id`, `name`, `user_id`) VALUES ('22', 'debitis', '334');
INSERT INTO `video_albums` (`id`, `name`, `user_id`) VALUES ('23', 'illum', '335');
INSERT INTO `video_albums` (`id`, `name`, `user_id`) VALUES ('24', 'enim', '337');
INSERT INTO `video_albums` (`id`, `name`, `user_id`) VALUES ('25', 'expedita', '338');
INSERT INTO `video_albums` (`id`, `name`, `user_id`) VALUES ('26', 'quidem', '340');
INSERT INTO `video_albums` (`id`, `name`, `user_id`) VALUES ('27', 'animi', '341');
INSERT INTO `video_albums` (`id`, `name`, `user_id`) VALUES ('28', 'non', '344');
INSERT INTO `video_albums` (`id`, `name`, `user_id`) VALUES ('29', 'harum', '345');
INSERT INTO `video_albums` (`id`, `name`, `user_id`) VALUES ('30', 'vel', '349');
INSERT INTO `video_albums` (`id`, `name`, `user_id`) VALUES ('31', 'quaerat', '350');
INSERT INTO `video_albums` (`id`, `name`, `user_id`) VALUES ('32', 'laboriosam', '351');
INSERT INTO `video_albums` (`id`, `name`, `user_id`) VALUES ('33', 'voluptatum', '352');
INSERT INTO `video_albums` (`id`, `name`, `user_id`) VALUES ('34', 'quae', '355');
INSERT INTO `video_albums` (`id`, `name`, `user_id`) VALUES ('35', 'ea', '356');
INSERT INTO `video_albums` (`id`, `name`, `user_id`) VALUES ('36', 'quasi', '358');
INSERT INTO `video_albums` (`id`, `name`, `user_id`) VALUES ('37', 'at', '360');
INSERT INTO `video_albums` (`id`, `name`, `user_id`) VALUES ('38', 'nemo', '361');
INSERT INTO `video_albums` (`id`, `name`, `user_id`) VALUES ('39', 'nihil', '362');
INSERT INTO `video_albums` (`id`, `name`, `user_id`) VALUES ('40', 'possimus', '364');
INSERT INTO `video_albums` (`id`, `name`, `user_id`) VALUES ('41', 'nihil', '365');
INSERT INTO `video_albums` (`id`, `name`, `user_id`) VALUES ('42', 'tempora', '368');
INSERT INTO `video_albums` (`id`, `name`, `user_id`) VALUES ('43', 'corporis', '370');
INSERT INTO `video_albums` (`id`, `name`, `user_id`) VALUES ('44', 'nemo', '372');
INSERT INTO `video_albums` (`id`, `name`, `user_id`) VALUES ('45', 'eum', '374');
INSERT INTO `video_albums` (`id`, `name`, `user_id`) VALUES ('46', 'est', '377');
INSERT INTO `video_albums` (`id`, `name`, `user_id`) VALUES ('47', 'sit', '378');
INSERT INTO `video_albums` (`id`, `name`, `user_id`) VALUES ('48', 'libero', '380');
INSERT INTO `video_albums` (`id`, `name`, `user_id`) VALUES ('49', 'quod', '383');
INSERT INTO `video_albums` (`id`, `name`, `user_id`) VALUES ('50', 'culpa', '386');
INSERT INTO `video_albums` (`id`, `name`, `user_id`) VALUES ('51', 'et', '387');
INSERT INTO `video_albums` (`id`, `name`, `user_id`) VALUES ('52', 'nisi', '391');
INSERT INTO `video_albums` (`id`, `name`, `user_id`) VALUES ('53', 'praesentium', '392');
INSERT INTO `video_albums` (`id`, `name`, `user_id`) VALUES ('54', 'quibusdam', '393');
INSERT INTO `video_albums` (`id`, `name`, `user_id`) VALUES ('55', 'a', '394');
INSERT INTO `video_albums` (`id`, `name`, `user_id`) VALUES ('56', 'autem', '395');
INSERT INTO `video_albums` (`id`, `name`, `user_id`) VALUES ('57', 'ratione', '396');
INSERT INTO `video_albums` (`id`, `name`, `user_id`) VALUES ('58', 'enim', '400');
INSERT INTO `video_albums` (`id`, `name`, `user_id`) VALUES ('59', 'consequatur', '401');
INSERT INTO `video_albums` (`id`, `name`, `user_id`) VALUES ('60', 'eos', '402');
INSERT INTO `video_albums` (`id`, `name`, `user_id`) VALUES ('61', 'eum', '403');
INSERT INTO `video_albums` (`id`, `name`, `user_id`) VALUES ('62', 'labore', '405');
INSERT INTO `video_albums` (`id`, `name`, `user_id`) VALUES ('63', 'praesentium', '407');
INSERT INTO `video_albums` (`id`, `name`, `user_id`) VALUES ('64', 'quo', '409');
INSERT INTO `video_albums` (`id`, `name`, `user_id`) VALUES ('65', 'dolorem', '410');
INSERT INTO `video_albums` (`id`, `name`, `user_id`) VALUES ('66', 'aut', '412');
INSERT INTO `video_albums` (`id`, `name`, `user_id`) VALUES ('67', 'commodi', '413');
INSERT INTO `video_albums` (`id`, `name`, `user_id`) VALUES ('68', 'quia', '414');
INSERT INTO `video_albums` (`id`, `name`, `user_id`) VALUES ('69', 'harum', '418');
INSERT INTO `video_albums` (`id`, `name`, `user_id`) VALUES ('70', 'iusto', '420');
INSERT INTO `video_albums` (`id`, `name`, `user_id`) VALUES ('71', 'qui', '421');
INSERT INTO `video_albums` (`id`, `name`, `user_id`) VALUES ('72', 'magni', '422');
INSERT INTO `video_albums` (`id`, `name`, `user_id`) VALUES ('73', 'et', '423');
INSERT INTO `video_albums` (`id`, `name`, `user_id`) VALUES ('74', 'voluptatem', '425');
INSERT INTO `video_albums` (`id`, `name`, `user_id`) VALUES ('75', 'consequuntur', '426');
INSERT INTO `video_albums` (`id`, `name`, `user_id`) VALUES ('76', 'harum', '430');
INSERT INTO `video_albums` (`id`, `name`, `user_id`) VALUES ('77', 'est', '431');
INSERT INTO `video_albums` (`id`, `name`, `user_id`) VALUES ('78', 'quae', '437');
INSERT INTO `video_albums` (`id`, `name`, `user_id`) VALUES ('79', 'voluptatem', '439');
INSERT INTO `video_albums` (`id`, `name`, `user_id`) VALUES ('80', 'amet', '440');
INSERT INTO `video_albums` (`id`, `name`, `user_id`) VALUES ('81', 'earum', '441');
INSERT INTO `video_albums` (`id`, `name`, `user_id`) VALUES ('82', 'dolorum', '442');
INSERT INTO `video_albums` (`id`, `name`, `user_id`) VALUES ('83', 'nobis', '446');
INSERT INTO `video_albums` (`id`, `name`, `user_id`) VALUES ('84', 'est', '447');
INSERT INTO `video_albums` (`id`, `name`, `user_id`) VALUES ('85', 'porro', '448');
INSERT INTO `video_albums` (`id`, `name`, `user_id`) VALUES ('86', 'possimus', '450');
INSERT INTO `video_albums` (`id`, `name`, `user_id`) VALUES ('87', 'consequatur', '451');
INSERT INTO `video_albums` (`id`, `name`, `user_id`) VALUES ('88', 'vel', '452');
INSERT INTO `video_albums` (`id`, `name`, `user_id`) VALUES ('89', 'possimus', '456');
INSERT INTO `video_albums` (`id`, `name`, `user_id`) VALUES ('90', 'ipsum', '457');
INSERT INTO `video_albums` (`id`, `name`, `user_id`) VALUES ('91', 'sequi', '458');
INSERT INTO `video_albums` (`id`, `name`, `user_id`) VALUES ('92', 'et', '459');
INSERT INTO `video_albums` (`id`, `name`, `user_id`) VALUES ('93', 'nihil', '460');
INSERT INTO `video_albums` (`id`, `name`, `user_id`) VALUES ('94', 'aliquam', '461');
INSERT INTO `video_albums` (`id`, `name`, `user_id`) VALUES ('95', 'culpa', '463');
INSERT INTO `video_albums` (`id`, `name`, `user_id`) VALUES ('96', 'sequi', '464');
INSERT INTO `video_albums` (`id`, `name`, `user_id`) VALUES ('97', 'vel', '466');
INSERT INTO `video_albums` (`id`, `name`, `user_id`) VALUES ('98', 'voluptates', '467');
INSERT INTO `video_albums` (`id`, `name`, `user_id`) VALUES ('99', 'natus', '468');
INSERT INTO `video_albums` (`id`, `name`, `user_id`) VALUES ('100', 'deserunt', '469');


#
# TABLE STRUCTURE FOR: videos
#

DROP TABLE IF EXISTS `videos`;

CREATE TABLE `videos` (
  `id` bigint(20) unsigned NOT NULL AUTO_INCREMENT,
  `name` varchar(255) COLLATE utf8mb4_unicode_ci DEFAULT NULL,
  `album_id` bigint(20) unsigned NOT NULL,
  `media_id` bigint(20) unsigned NOT NULL,
  PRIMARY KEY (`id`),
  KEY `videos_name_idx` (`name`),
  KEY `album_id` (`album_id`),
  KEY `media_id` (`media_id`),
  CONSTRAINT `videos_ibfk_1` FOREIGN KEY (`album_id`) REFERENCES `video_albums` (`id`) ON DELETE CASCADE ON UPDATE CASCADE,
  CONSTRAINT `videos_ibfk_2` FOREIGN KEY (`media_id`) REFERENCES `media` (`id`) ON DELETE CASCADE ON UPDATE CASCADE
) ENGINE=InnoDB AUTO_INCREMENT=101 DEFAULT CHARSET=utf8mb4 COLLATE=utf8mb4_unicode_ci;

INSERT INTO `videos` (`id`, `name`, `album_id`, `media_id`) VALUES ('1', 'sint', '1', '1');
INSERT INTO `videos` (`id`, `name`, `album_id`, `media_id`) VALUES ('2', 'voluptatibus', '2', '2');
INSERT INTO `videos` (`id`, `name`, `album_id`, `media_id`) VALUES ('3', 'ullam', '3', '3');
INSERT INTO `videos` (`id`, `name`, `album_id`, `media_id`) VALUES ('4', 'sint', '4', '4');
INSERT INTO `videos` (`id`, `name`, `album_id`, `media_id`) VALUES ('5', 'voluptatibus', '5', '5');
INSERT INTO `videos` (`id`, `name`, `album_id`, `media_id`) VALUES ('6', 'voluptatem', '6', '6');
INSERT INTO `videos` (`id`, `name`, `album_id`, `media_id`) VALUES ('7', 'qui', '7', '7');
INSERT INTO `videos` (`id`, `name`, `album_id`, `media_id`) VALUES ('8', 'facere', '8', '8');
INSERT INTO `videos` (`id`, `name`, `album_id`, `media_id`) VALUES ('9', 'placeat', '9', '9');
INSERT INTO `videos` (`id`, `name`, `album_id`, `media_id`) VALUES ('10', 'dolor', '10', '10');
INSERT INTO `videos` (`id`, `name`, `album_id`, `media_id`) VALUES ('11', 'id', '11', '11');
INSERT INTO `videos` (`id`, `name`, `album_id`, `media_id`) VALUES ('12', 'ducimus', '12', '12');
INSERT INTO `videos` (`id`, `name`, `album_id`, `media_id`) VALUES ('13', 'quasi', '13', '13');
INSERT INTO `videos` (`id`, `name`, `album_id`, `media_id`) VALUES ('14', 'tempora', '14', '14');
INSERT INTO `videos` (`id`, `name`, `album_id`, `media_id`) VALUES ('15', 'sunt', '15', '15');
INSERT INTO `videos` (`id`, `name`, `album_id`, `media_id`) VALUES ('16', 'dolores', '16', '16');
INSERT INTO `videos` (`id`, `name`, `album_id`, `media_id`) VALUES ('17', 'ipsum', '17', '17');
INSERT INTO `videos` (`id`, `name`, `album_id`, `media_id`) VALUES ('18', 'consequatur', '18', '18');
INSERT INTO `videos` (`id`, `name`, `album_id`, `media_id`) VALUES ('19', 'eos', '19', '19');
INSERT INTO `videos` (`id`, `name`, `album_id`, `media_id`) VALUES ('20', 'sunt', '20', '20');
INSERT INTO `videos` (`id`, `name`, `album_id`, `media_id`) VALUES ('21', 'voluptatem', '21', '21');
INSERT INTO `videos` (`id`, `name`, `album_id`, `media_id`) VALUES ('22', 'eaque', '22', '22');
INSERT INTO `videos` (`id`, `name`, `album_id`, `media_id`) VALUES ('23', 'porro', '23', '23');
INSERT INTO `videos` (`id`, `name`, `album_id`, `media_id`) VALUES ('24', 'sunt', '24', '24');
INSERT INTO `videos` (`id`, `name`, `album_id`, `media_id`) VALUES ('25', 'repellendus', '25', '25');
INSERT INTO `videos` (`id`, `name`, `album_id`, `media_id`) VALUES ('26', 'voluptatem', '26', '26');
INSERT INTO `videos` (`id`, `name`, `album_id`, `media_id`) VALUES ('27', 'architecto', '27', '27');
INSERT INTO `videos` (`id`, `name`, `album_id`, `media_id`) VALUES ('28', 'ea', '28', '28');
INSERT INTO `videos` (`id`, `name`, `album_id`, `media_id`) VALUES ('29', 'ut', '29', '29');
INSERT INTO `videos` (`id`, `name`, `album_id`, `media_id`) VALUES ('30', 'quae', '30', '30');
INSERT INTO `videos` (`id`, `name`, `album_id`, `media_id`) VALUES ('31', 'facilis', '31', '31');
INSERT INTO `videos` (`id`, `name`, `album_id`, `media_id`) VALUES ('32', 'praesentium', '32', '32');
INSERT INTO `videos` (`id`, `name`, `album_id`, `media_id`) VALUES ('33', 'rem', '33', '33');
INSERT INTO `videos` (`id`, `name`, `album_id`, `media_id`) VALUES ('34', 'dignissimos', '34', '34');
INSERT INTO `videos` (`id`, `name`, `album_id`, `media_id`) VALUES ('35', 'perferendis', '35', '35');
INSERT INTO `videos` (`id`, `name`, `album_id`, `media_id`) VALUES ('36', 'ex', '36', '36');
INSERT INTO `videos` (`id`, `name`, `album_id`, `media_id`) VALUES ('37', 'quo', '37', '37');
INSERT INTO `videos` (`id`, `name`, `album_id`, `media_id`) VALUES ('38', 'et', '38', '38');
INSERT INTO `videos` (`id`, `name`, `album_id`, `media_id`) VALUES ('39', 'et', '39', '39');
INSERT INTO `videos` (`id`, `name`, `album_id`, `media_id`) VALUES ('40', 'autem', '40', '40');
INSERT INTO `videos` (`id`, `name`, `album_id`, `media_id`) VALUES ('41', 'sint', '41', '41');
INSERT INTO `videos` (`id`, `name`, `album_id`, `media_id`) VALUES ('42', 'expedita', '42', '42');
INSERT INTO `videos` (`id`, `name`, `album_id`, `media_id`) VALUES ('43', 'assumenda', '43', '43');
INSERT INTO `videos` (`id`, `name`, `album_id`, `media_id`) VALUES ('44', 'corporis', '44', '44');
INSERT INTO `videos` (`id`, `name`, `album_id`, `media_id`) VALUES ('45', 'deserunt', '45', '45');
INSERT INTO `videos` (`id`, `name`, `album_id`, `media_id`) VALUES ('46', 'aut', '46', '46');
INSERT INTO `videos` (`id`, `name`, `album_id`, `media_id`) VALUES ('47', 'non', '47', '47');
INSERT INTO `videos` (`id`, `name`, `album_id`, `media_id`) VALUES ('48', 'voluptas', '48', '48');
INSERT INTO `videos` (`id`, `name`, `album_id`, `media_id`) VALUES ('49', 'quam', '49', '49');
INSERT INTO `videos` (`id`, `name`, `album_id`, `media_id`) VALUES ('50', 'qui', '50', '50');
INSERT INTO `videos` (`id`, `name`, `album_id`, `media_id`) VALUES ('51', 'odit', '51', '51');
INSERT INTO `videos` (`id`, `name`, `album_id`, `media_id`) VALUES ('52', 'fuga', '52', '52');
INSERT INTO `videos` (`id`, `name`, `album_id`, `media_id`) VALUES ('53', 'autem', '53', '53');
INSERT INTO `videos` (`id`, `name`, `album_id`, `media_id`) VALUES ('54', 'beatae', '54', '54');
INSERT INTO `videos` (`id`, `name`, `album_id`, `media_id`) VALUES ('55', 'quia', '55', '55');
INSERT INTO `videos` (`id`, `name`, `album_id`, `media_id`) VALUES ('56', 'quod', '56', '56');
INSERT INTO `videos` (`id`, `name`, `album_id`, `media_id`) VALUES ('57', 'fugit', '57', '57');
INSERT INTO `videos` (`id`, `name`, `album_id`, `media_id`) VALUES ('58', 'vitae', '58', '58');
INSERT INTO `videos` (`id`, `name`, `album_id`, `media_id`) VALUES ('59', 'sed', '59', '59');
INSERT INTO `videos` (`id`, `name`, `album_id`, `media_id`) VALUES ('60', 'in', '60', '60');
INSERT INTO `videos` (`id`, `name`, `album_id`, `media_id`) VALUES ('61', 'aut', '61', '61');
INSERT INTO `videos` (`id`, `name`, `album_id`, `media_id`) VALUES ('62', 'ea', '62', '62');
INSERT INTO `videos` (`id`, `name`, `album_id`, `media_id`) VALUES ('63', 'magni', '63', '63');
INSERT INTO `videos` (`id`, `name`, `album_id`, `media_id`) VALUES ('64', 'nulla', '64', '64');
INSERT INTO `videos` (`id`, `name`, `album_id`, `media_id`) VALUES ('65', 'sed', '65', '65');
INSERT INTO `videos` (`id`, `name`, `album_id`, `media_id`) VALUES ('66', 'quia', '66', '66');
INSERT INTO `videos` (`id`, `name`, `album_id`, `media_id`) VALUES ('67', 'aut', '67', '67');
INSERT INTO `videos` (`id`, `name`, `album_id`, `media_id`) VALUES ('68', 'ex', '68', '68');
INSERT INTO `videos` (`id`, `name`, `album_id`, `media_id`) VALUES ('69', 'deleniti', '69', '69');
INSERT INTO `videos` (`id`, `name`, `album_id`, `media_id`) VALUES ('70', 'enim', '70', '70');
INSERT INTO `videos` (`id`, `name`, `album_id`, `media_id`) VALUES ('71', 'vel', '71', '71');
INSERT INTO `videos` (`id`, `name`, `album_id`, `media_id`) VALUES ('72', 'quaerat', '72', '72');
INSERT INTO `videos` (`id`, `name`, `album_id`, `media_id`) VALUES ('73', 'tempora', '73', '73');
INSERT INTO `videos` (`id`, `name`, `album_id`, `media_id`) VALUES ('74', 'facere', '74', '74');
INSERT INTO `videos` (`id`, `name`, `album_id`, `media_id`) VALUES ('75', 'dicta', '75', '75');
INSERT INTO `videos` (`id`, `name`, `album_id`, `media_id`) VALUES ('76', 'placeat', '76', '76');
INSERT INTO `videos` (`id`, `name`, `album_id`, `media_id`) VALUES ('77', 'sunt', '77', '77');
INSERT INTO `videos` (`id`, `name`, `album_id`, `media_id`) VALUES ('78', 'occaecati', '78', '78');
INSERT INTO `videos` (`id`, `name`, `album_id`, `media_id`) VALUES ('79', 'commodi', '79', '79');
INSERT INTO `videos` (`id`, `name`, `album_id`, `media_id`) VALUES ('80', 'aut', '80', '80');
INSERT INTO `videos` (`id`, `name`, `album_id`, `media_id`) VALUES ('81', 'sit', '81', '81');
INSERT INTO `videos` (`id`, `name`, `album_id`, `media_id`) VALUES ('82', 'qui', '82', '82');
INSERT INTO `videos` (`id`, `name`, `album_id`, `media_id`) VALUES ('83', 'voluptas', '83', '83');
INSERT INTO `videos` (`id`, `name`, `album_id`, `media_id`) VALUES ('84', 'dolor', '84', '84');
INSERT INTO `videos` (`id`, `name`, `album_id`, `media_id`) VALUES ('85', 'et', '85', '85');
INSERT INTO `videos` (`id`, `name`, `album_id`, `media_id`) VALUES ('86', 'nemo', '86', '86');
INSERT INTO `videos` (`id`, `name`, `album_id`, `media_id`) VALUES ('87', 'id', '87', '87');
INSERT INTO `videos` (`id`, `name`, `album_id`, `media_id`) VALUES ('88', 'aperiam', '88', '88');
INSERT INTO `videos` (`id`, `name`, `album_id`, `media_id`) VALUES ('89', 'sit', '89', '89');
INSERT INTO `videos` (`id`, `name`, `album_id`, `media_id`) VALUES ('90', 'similique', '90', '90');
INSERT INTO `videos` (`id`, `name`, `album_id`, `media_id`) VALUES ('91', 'voluptatum', '91', '91');
INSERT INTO `videos` (`id`, `name`, `album_id`, `media_id`) VALUES ('92', 'natus', '92', '92');
INSERT INTO `videos` (`id`, `name`, `album_id`, `media_id`) VALUES ('93', 'facere', '93', '93');
INSERT INTO `videos` (`id`, `name`, `album_id`, `media_id`) VALUES ('94', 'enim', '94', '94');
INSERT INTO `videos` (`id`, `name`, `album_id`, `media_id`) VALUES ('95', 'odit', '95', '95');
INSERT INTO `videos` (`id`, `name`, `album_id`, `media_id`) VALUES ('96', 'exercitationem', '96', '96');
INSERT INTO `videos` (`id`, `name`, `album_id`, `media_id`) VALUES ('97', 'adipisci', '97', '97');
INSERT INTO `videos` (`id`, `name`, `album_id`, `media_id`) VALUES ('98', 'error', '98', '98');
INSERT INTO `videos` (`id`, `name`, `album_id`, `media_id`) VALUES ('99', 'delectus', '99', '99');
INSERT INTO `videos` (`id`, `name`, `album_id`, `media_id`) VALUES ('100', 'provident', '100', '100');


#
# TABLE STRUCTURE FOR: profiles
#

DROP TABLE IF EXISTS `profiles`;

CREATE TABLE `profiles` (
  `user_id` bigint(20) unsigned NOT NULL,
  `gender` char(1) COLLATE utf8mb4_unicode_ci DEFAULT NULL,
  `birthday` date DEFAULT NULL,
  `photo_id` bigint(20) unsigned DEFAULT NULL,
  `clip_id` bigint(20) unsigned DEFAULT NULL,
  `video_id` bigint(20) unsigned DEFAULT NULL,
  `created_at` datetime DEFAULT current_timestamp(),
  `hometown` varchar(100) COLLATE utf8mb4_unicode_ci DEFAULT NULL,
  UNIQUE KEY `user_id` (`user_id`),
  KEY `fk_video_id` (`video_id`),
  KEY `fk_clip_id` (`clip_id`),
  CONSTRAINT `fk_clip_id` FOREIGN KEY (`clip_id`) REFERENCES `clips` (`id`) ON DELETE SET NULL ON UPDATE CASCADE,
  CONSTRAINT `fk_user_id` FOREIGN KEY (`user_id`) REFERENCES `users` (`id`) ON DELETE NO ACTION ON UPDATE CASCADE,
  CONSTRAINT `fk_video_id` FOREIGN KEY (`video_id`) REFERENCES `videos` (`id`) ON DELETE SET NULL ON UPDATE CASCADE
) ENGINE=InnoDB DEFAULT CHARSET=utf8mb4 COLLATE=utf8mb4_unicode_ci;

INSERT INTO `profiles` (`user_id`, `gender`, `birthday`, `photo_id`, `clip_id`, `video_id`, `created_at`, `hometown`) VALUES ('301', 'f', '2003-11-21', '1', '1', '1', '2014-11-17 09:21:01', 'West Furman');
INSERT INTO `profiles` (`user_id`, `gender`, `birthday`, `photo_id`, `clip_id`, `video_id`, `created_at`, `hometown`) VALUES ('302', 'f', '2016-07-08', '2', '2', '2', '2006-10-05 11:48:28', 'Port Alexandriaville');
INSERT INTO `profiles` (`user_id`, `gender`, `birthday`, `photo_id`, `clip_id`, `video_id`, `created_at`, `hometown`) VALUES ('303', 'm', '2005-08-23', '3', '3', '3', '2012-10-27 16:46:38', 'South Lorenaland');
INSERT INTO `profiles` (`user_id`, `gender`, `birthday`, `photo_id`, `clip_id`, `video_id`, `created_at`, `hometown`) VALUES ('304', 'f', '1985-03-27', '4', '4', '4', '1970-06-11 05:08:39', 'Catharineborough');
INSERT INTO `profiles` (`user_id`, `gender`, `birthday`, `photo_id`, `clip_id`, `video_id`, `created_at`, `hometown`) VALUES ('305', 'f', '1985-06-30', '5', '5', '5', '2013-12-17 21:48:17', 'West Mariam');
INSERT INTO `profiles` (`user_id`, `gender`, `birthday`, `photo_id`, `clip_id`, `video_id`, `created_at`, `hometown`) VALUES ('308', 'm', '1973-04-30', '6', '6', '6', '1987-10-24 22:36:17', 'Lebsackfort');
INSERT INTO `profiles` (`user_id`, `gender`, `birthday`, `photo_id`, `clip_id`, `video_id`, `created_at`, `hometown`) VALUES ('310', 'f', '1975-02-01', '7', '7', '7', '2020-08-19 07:13:00', 'New Scottieport');
INSERT INTO `profiles` (`user_id`, `gender`, `birthday`, `photo_id`, `clip_id`, `video_id`, `created_at`, `hometown`) VALUES ('311', 'm', '1984-02-22', '8', '8', '8', '1989-02-22 17:40:50', 'Dewittfurt');
INSERT INTO `profiles` (`user_id`, `gender`, `birthday`, `photo_id`, `clip_id`, `video_id`, `created_at`, `hometown`) VALUES ('312', 'm', '2014-09-25', '9', '9', '9', '1970-07-21 16:35:47', 'North Murl');
INSERT INTO `profiles` (`user_id`, `gender`, `birthday`, `photo_id`, `clip_id`, `video_id`, `created_at`, `hometown`) VALUES ('313', 'm', '2019-01-16', '10', '10', '10', '2015-09-16 02:22:22', 'Amiyaside');
INSERT INTO `profiles` (`user_id`, `gender`, `birthday`, `photo_id`, `clip_id`, `video_id`, `created_at`, `hometown`) VALUES ('315', 'f', '1998-06-07', '11', '11', '11', '1973-10-31 03:45:47', 'West Darleneview');
INSERT INTO `profiles` (`user_id`, `gender`, `birthday`, `photo_id`, `clip_id`, `video_id`, `created_at`, `hometown`) VALUES ('316', 'f', '1972-02-20', '12', '12', '12', '1983-08-26 13:49:50', 'West Katelynn');
INSERT INTO `profiles` (`user_id`, `gender`, `birthday`, `photo_id`, `clip_id`, `video_id`, `created_at`, `hometown`) VALUES ('320', 'f', '2020-12-04', '13', '13', '13', '2016-03-03 06:05:38', 'Toneyfurt');
INSERT INTO `profiles` (`user_id`, `gender`, `birthday`, `photo_id`, `clip_id`, `video_id`, `created_at`, `hometown`) VALUES ('321', 'm', '2002-11-11', '14', '14', '14', '2010-01-25 21:35:42', 'East Alexandrineton');
INSERT INTO `profiles` (`user_id`, `gender`, `birthday`, `photo_id`, `clip_id`, `video_id`, `created_at`, `hometown`) VALUES ('323', 'f', '2011-06-23', '15', '15', '15', '2008-10-16 10:41:37', 'Port Coty');
INSERT INTO `profiles` (`user_id`, `gender`, `birthday`, `photo_id`, `clip_id`, `video_id`, `created_at`, `hometown`) VALUES ('324', 'f', '2012-10-25', '16', '16', '16', '2014-11-15 23:59:13', 'Lake Onieview');
INSERT INTO `profiles` (`user_id`, `gender`, `birthday`, `photo_id`, `clip_id`, `video_id`, `created_at`, `hometown`) VALUES ('325', 'm', '2006-11-04', '17', '17', '17', '1993-08-01 21:14:19', 'Legrosmouth');
INSERT INTO `profiles` (`user_id`, `gender`, `birthday`, `photo_id`, `clip_id`, `video_id`, `created_at`, `hometown`) VALUES ('326', 'f', '1978-05-23', '18', '18', '18', '2011-04-11 13:48:37', 'Marleymouth');
INSERT INTO `profiles` (`user_id`, `gender`, `birthday`, `photo_id`, `clip_id`, `video_id`, `created_at`, `hometown`) VALUES ('328', 'f', '1974-10-08', '19', '19', '19', '1989-10-12 02:00:01', 'Lake Blakeborough');
INSERT INTO `profiles` (`user_id`, `gender`, `birthday`, `photo_id`, `clip_id`, `video_id`, `created_at`, `hometown`) VALUES ('329', 'm', '1990-08-20', '20', '20', '20', '1970-07-02 16:21:09', 'Prosaccomouth');
INSERT INTO `profiles` (`user_id`, `gender`, `birthday`, `photo_id`, `clip_id`, `video_id`, `created_at`, `hometown`) VALUES ('333', 'm', '2011-07-11', '21', '21', '21', '1991-03-30 03:14:02', 'Conroyhaven');
INSERT INTO `profiles` (`user_id`, `gender`, `birthday`, `photo_id`, `clip_id`, `video_id`, `created_at`, `hometown`) VALUES ('334', 'f', '2011-03-25', '22', '22', '22', '2000-11-01 15:22:54', 'Kacistad');
INSERT INTO `profiles` (`user_id`, `gender`, `birthday`, `photo_id`, `clip_id`, `video_id`, `created_at`, `hometown`) VALUES ('335', 'm', '2020-01-28', '23', '23', '23', '1998-05-14 19:32:10', 'Beulahport');
INSERT INTO `profiles` (`user_id`, `gender`, `birthday`, `photo_id`, `clip_id`, `video_id`, `created_at`, `hometown`) VALUES ('337', 'm', '1995-02-23', '24', '24', '24', '2002-10-28 14:50:40', 'Jonatanshire');
INSERT INTO `profiles` (`user_id`, `gender`, `birthday`, `photo_id`, `clip_id`, `video_id`, `created_at`, `hometown`) VALUES ('338', 'm', '1995-05-18', '25', '25', '25', '1990-04-22 20:40:32', 'Caitlynmouth');
INSERT INTO `profiles` (`user_id`, `gender`, `birthday`, `photo_id`, `clip_id`, `video_id`, `created_at`, `hometown`) VALUES ('340', 'm', '1970-08-03', '26', '26', '26', '2006-02-27 18:40:26', 'South Domingo');
INSERT INTO `profiles` (`user_id`, `gender`, `birthday`, `photo_id`, `clip_id`, `video_id`, `created_at`, `hometown`) VALUES ('341', 'm', '2015-09-15', '27', '27', '27', '1996-03-24 22:58:11', 'Port Josuemouth');
INSERT INTO `profiles` (`user_id`, `gender`, `birthday`, `photo_id`, `clip_id`, `video_id`, `created_at`, `hometown`) VALUES ('344', 'f', '2014-08-26', '28', '28', '28', '1991-05-04 09:06:44', 'Rohanmouth');
INSERT INTO `profiles` (`user_id`, `gender`, `birthday`, `photo_id`, `clip_id`, `video_id`, `created_at`, `hometown`) VALUES ('345', 'm', '1981-01-02', '29', '29', '29', '2000-05-11 00:17:04', 'South Altheamouth');
INSERT INTO `profiles` (`user_id`, `gender`, `birthday`, `photo_id`, `clip_id`, `video_id`, `created_at`, `hometown`) VALUES ('349', 'm', '1996-11-09', '30', '30', '30', '2015-11-13 16:41:15', 'North Raquel');
INSERT INTO `profiles` (`user_id`, `gender`, `birthday`, `photo_id`, `clip_id`, `video_id`, `created_at`, `hometown`) VALUES ('350', 'm', '1989-11-21', '31', '31', '31', '1999-12-05 20:22:50', 'Emiliehaven');
INSERT INTO `profiles` (`user_id`, `gender`, `birthday`, `photo_id`, `clip_id`, `video_id`, `created_at`, `hometown`) VALUES ('351', 'm', '1976-02-03', '32', '32', '32', '2020-03-19 18:24:04', 'Schultzland');
INSERT INTO `profiles` (`user_id`, `gender`, `birthday`, `photo_id`, `clip_id`, `video_id`, `created_at`, `hometown`) VALUES ('352', 'm', '2001-07-28', '33', '33', '33', '1996-12-20 13:08:56', 'Lake Vladimir');
INSERT INTO `profiles` (`user_id`, `gender`, `birthday`, `photo_id`, `clip_id`, `video_id`, `created_at`, `hometown`) VALUES ('355', 'm', '1971-03-12', '34', '34', '34', '2013-05-06 11:30:26', 'Smithfurt');
INSERT INTO `profiles` (`user_id`, `gender`, `birthday`, `photo_id`, `clip_id`, `video_id`, `created_at`, `hometown`) VALUES ('356', 'm', '2018-11-03', '35', '35', '35', '1998-05-24 21:36:21', 'West Aldamouth');
INSERT INTO `profiles` (`user_id`, `gender`, `birthday`, `photo_id`, `clip_id`, `video_id`, `created_at`, `hometown`) VALUES ('358', 'm', '2000-01-23', '36', '36', '36', '1990-05-03 18:47:07', 'Wiltonport');
INSERT INTO `profiles` (`user_id`, `gender`, `birthday`, `photo_id`, `clip_id`, `video_id`, `created_at`, `hometown`) VALUES ('360', 'f', '2014-07-06', '37', '37', '37', '2010-04-18 04:27:00', 'Schmittview');
INSERT INTO `profiles` (`user_id`, `gender`, `birthday`, `photo_id`, `clip_id`, `video_id`, `created_at`, `hometown`) VALUES ('361', 'm', '2007-04-16', '38', '38', '38', '2014-12-22 17:36:49', 'Lake Spencer');
INSERT INTO `profiles` (`user_id`, `gender`, `birthday`, `photo_id`, `clip_id`, `video_id`, `created_at`, `hometown`) VALUES ('362', 'f', '1988-09-27', '39', '39', '39', '2019-08-17 01:34:26', 'Quintenland');
INSERT INTO `profiles` (`user_id`, `gender`, `birthday`, `photo_id`, `clip_id`, `video_id`, `created_at`, `hometown`) VALUES ('364', 'm', '2014-07-24', '40', '40', '40', '1973-01-17 22:09:08', 'West Ansley');
INSERT INTO `profiles` (`user_id`, `gender`, `birthday`, `photo_id`, `clip_id`, `video_id`, `created_at`, `hometown`) VALUES ('365', 'm', '1999-08-04', '41', '41', '41', '1978-06-11 19:37:54', 'Tomasachester');
INSERT INTO `profiles` (`user_id`, `gender`, `birthday`, `photo_id`, `clip_id`, `video_id`, `created_at`, `hometown`) VALUES ('368', 'f', '2017-12-28', '42', '42', '42', '2011-11-05 02:01:58', 'Reubenville');
INSERT INTO `profiles` (`user_id`, `gender`, `birthday`, `photo_id`, `clip_id`, `video_id`, `created_at`, `hometown`) VALUES ('370', 'm', '1971-07-13', '43', '43', '43', '1977-07-28 00:31:43', 'New Hattie');
INSERT INTO `profiles` (`user_id`, `gender`, `birthday`, `photo_id`, `clip_id`, `video_id`, `created_at`, `hometown`) VALUES ('372', 'f', '1988-07-06', '44', '44', '44', '2013-08-02 06:04:02', 'South Abel');
INSERT INTO `profiles` (`user_id`, `gender`, `birthday`, `photo_id`, `clip_id`, `video_id`, `created_at`, `hometown`) VALUES ('374', 'f', '1981-07-05', '45', '45', '45', '1975-04-30 15:02:07', 'Bradtkeview');
INSERT INTO `profiles` (`user_id`, `gender`, `birthday`, `photo_id`, `clip_id`, `video_id`, `created_at`, `hometown`) VALUES ('377', 'f', '2003-12-27', '46', '46', '46', '1982-08-20 06:51:57', 'Port Elisefurt');
INSERT INTO `profiles` (`user_id`, `gender`, `birthday`, `photo_id`, `clip_id`, `video_id`, `created_at`, `hometown`) VALUES ('378', 'f', '1983-01-14', '47', '47', '47', '1979-04-25 00:37:53', 'Ryanton');
INSERT INTO `profiles` (`user_id`, `gender`, `birthday`, `photo_id`, `clip_id`, `video_id`, `created_at`, `hometown`) VALUES ('380', 'm', '2019-11-19', '48', '48', '48', '1985-10-30 16:11:41', 'Halfort');
INSERT INTO `profiles` (`user_id`, `gender`, `birthday`, `photo_id`, `clip_id`, `video_id`, `created_at`, `hometown`) VALUES ('383', 'f', '1990-04-17', '49', '49', '49', '2011-10-14 22:35:33', 'Vedatown');
INSERT INTO `profiles` (`user_id`, `gender`, `birthday`, `photo_id`, `clip_id`, `video_id`, `created_at`, `hometown`) VALUES ('386', 'm', '2012-04-04', '50', '50', '50', '1992-10-09 19:58:13', 'Ondrickamouth');
INSERT INTO `profiles` (`user_id`, `gender`, `birthday`, `photo_id`, `clip_id`, `video_id`, `created_at`, `hometown`) VALUES ('387', 'f', '1998-11-26', '51', '51', '51', '1990-12-13 23:51:48', 'New Mateo');
INSERT INTO `profiles` (`user_id`, `gender`, `birthday`, `photo_id`, `clip_id`, `video_id`, `created_at`, `hometown`) VALUES ('391', 'm', '1979-10-05', '52', '52', '52', '2014-07-21 00:02:28', 'Burleytown');
INSERT INTO `profiles` (`user_id`, `gender`, `birthday`, `photo_id`, `clip_id`, `video_id`, `created_at`, `hometown`) VALUES ('392', 'f', '1987-07-17', '53', '53', '53', '2019-05-31 22:46:27', 'Clarabelleberg');
INSERT INTO `profiles` (`user_id`, `gender`, `birthday`, `photo_id`, `clip_id`, `video_id`, `created_at`, `hometown`) VALUES ('393', 'f', '1993-11-02', '54', '54', '54', '1979-03-21 21:59:35', 'Shaynaview');
INSERT INTO `profiles` (`user_id`, `gender`, `birthday`, `photo_id`, `clip_id`, `video_id`, `created_at`, `hometown`) VALUES ('394', 'f', '1989-01-26', '55', '55', '55', '1985-08-26 10:47:48', 'Lamontview');
INSERT INTO `profiles` (`user_id`, `gender`, `birthday`, `photo_id`, `clip_id`, `video_id`, `created_at`, `hometown`) VALUES ('395', 'f', '2001-06-20', '56', '56', '56', '1973-08-17 05:39:26', 'New Elvera');
INSERT INTO `profiles` (`user_id`, `gender`, `birthday`, `photo_id`, `clip_id`, `video_id`, `created_at`, `hometown`) VALUES ('396', 'f', '1985-03-19', '57', '57', '57', '1970-04-30 00:41:36', 'Armandoview');
INSERT INTO `profiles` (`user_id`, `gender`, `birthday`, `photo_id`, `clip_id`, `video_id`, `created_at`, `hometown`) VALUES ('400', 'f', '2016-09-20', '58', '58', '58', '2014-01-10 19:48:55', 'O\'Haratown');
INSERT INTO `profiles` (`user_id`, `gender`, `birthday`, `photo_id`, `clip_id`, `video_id`, `created_at`, `hometown`) VALUES ('401', 'f', '1982-11-06', '59', '59', '59', '2019-10-09 04:35:54', 'North Jonmouth');
INSERT INTO `profiles` (`user_id`, `gender`, `birthday`, `photo_id`, `clip_id`, `video_id`, `created_at`, `hometown`) VALUES ('402', 'm', '1999-07-02', '60', '60', '60', '1997-06-17 03:36:13', 'West Conor');
INSERT INTO `profiles` (`user_id`, `gender`, `birthday`, `photo_id`, `clip_id`, `video_id`, `created_at`, `hometown`) VALUES ('403', 'f', '2002-05-24', '61', '61', '61', '1981-09-18 02:59:07', 'Toyborough');
INSERT INTO `profiles` (`user_id`, `gender`, `birthday`, `photo_id`, `clip_id`, `video_id`, `created_at`, `hometown`) VALUES ('405', 'f', '1991-06-22', '62', '62', '62', '2007-07-21 08:53:19', 'New Cassieshire');
INSERT INTO `profiles` (`user_id`, `gender`, `birthday`, `photo_id`, `clip_id`, `video_id`, `created_at`, `hometown`) VALUES ('407', 'm', '2016-04-24', '63', '63', '63', '2013-04-13 09:20:28', 'West Jermaintown');
INSERT INTO `profiles` (`user_id`, `gender`, `birthday`, `photo_id`, `clip_id`, `video_id`, `created_at`, `hometown`) VALUES ('409', 'm', '1994-09-15', '64', '64', '64', '2005-08-08 13:26:33', 'Colbyville');
INSERT INTO `profiles` (`user_id`, `gender`, `birthday`, `photo_id`, `clip_id`, `video_id`, `created_at`, `hometown`) VALUES ('410', 'f', '2020-10-15', '65', '65', '65', '1998-01-27 02:50:37', 'East Carloland');
INSERT INTO `profiles` (`user_id`, `gender`, `birthday`, `photo_id`, `clip_id`, `video_id`, `created_at`, `hometown`) VALUES ('412', 'm', '1995-08-07', '66', '66', '66', '2014-04-23 05:39:03', 'Lake Nedraport');
INSERT INTO `profiles` (`user_id`, `gender`, `birthday`, `photo_id`, `clip_id`, `video_id`, `created_at`, `hometown`) VALUES ('413', 'm', '2007-01-03', '67', '67', '67', '1987-05-30 07:07:26', 'East Unique');
INSERT INTO `profiles` (`user_id`, `gender`, `birthday`, `photo_id`, `clip_id`, `video_id`, `created_at`, `hometown`) VALUES ('414', 'm', '1997-05-22', '68', '68', '68', '2006-06-26 02:45:31', 'Port Marlee');
INSERT INTO `profiles` (`user_id`, `gender`, `birthday`, `photo_id`, `clip_id`, `video_id`, `created_at`, `hometown`) VALUES ('418', 'f', '2000-12-24', '69', '69', '69', '1973-02-21 17:22:39', 'North Okey');
INSERT INTO `profiles` (`user_id`, `gender`, `birthday`, `photo_id`, `clip_id`, `video_id`, `created_at`, `hometown`) VALUES ('420', 'f', '1982-09-22', '70', '70', '70', '2012-05-27 16:04:38', 'Dangeloside');
INSERT INTO `profiles` (`user_id`, `gender`, `birthday`, `photo_id`, `clip_id`, `video_id`, `created_at`, `hometown`) VALUES ('421', 'm', '2016-08-12', '71', '71', '71', '1985-03-13 14:53:30', 'New Tessietown');
INSERT INTO `profiles` (`user_id`, `gender`, `birthday`, `photo_id`, `clip_id`, `video_id`, `created_at`, `hometown`) VALUES ('422', 'm', '1985-12-01', '72', '72', '72', '1985-01-08 08:52:10', 'New Arielleton');
INSERT INTO `profiles` (`user_id`, `gender`, `birthday`, `photo_id`, `clip_id`, `video_id`, `created_at`, `hometown`) VALUES ('423', 'f', '1998-01-28', '73', '73', '73', '1987-03-16 15:50:04', 'West Bellehaven');
INSERT INTO `profiles` (`user_id`, `gender`, `birthday`, `photo_id`, `clip_id`, `video_id`, `created_at`, `hometown`) VALUES ('425', 'f', '2016-10-01', '74', '74', '74', '1981-09-07 11:00:38', 'Landenburgh');
INSERT INTO `profiles` (`user_id`, `gender`, `birthday`, `photo_id`, `clip_id`, `video_id`, `created_at`, `hometown`) VALUES ('426', 'm', '1979-06-23', '75', '75', '75', '1974-11-28 04:18:40', 'South Cobyborough');
INSERT INTO `profiles` (`user_id`, `gender`, `birthday`, `photo_id`, `clip_id`, `video_id`, `created_at`, `hometown`) VALUES ('430', 'm', '2013-02-11', '76', '76', '76', '1996-08-01 05:09:48', 'Wildermanland');
INSERT INTO `profiles` (`user_id`, `gender`, `birthday`, `photo_id`, `clip_id`, `video_id`, `created_at`, `hometown`) VALUES ('431', 'm', '2017-01-06', '77', '77', '77', '1994-10-11 08:55:51', 'West Veda');
INSERT INTO `profiles` (`user_id`, `gender`, `birthday`, `photo_id`, `clip_id`, `video_id`, `created_at`, `hometown`) VALUES ('437', 'm', '1983-03-12', '78', '78', '78', '1974-05-24 13:29:23', 'East Raymundoport');
INSERT INTO `profiles` (`user_id`, `gender`, `birthday`, `photo_id`, `clip_id`, `video_id`, `created_at`, `hometown`) VALUES ('439', 'f', '1983-06-01', '79', '79', '79', '1973-11-13 11:45:55', 'Astridmouth');
INSERT INTO `profiles` (`user_id`, `gender`, `birthday`, `photo_id`, `clip_id`, `video_id`, `created_at`, `hometown`) VALUES ('440', 'm', '1989-01-29', '80', '80', '80', '1972-07-20 03:18:25', 'East Alaynatown');
INSERT INTO `profiles` (`user_id`, `gender`, `birthday`, `photo_id`, `clip_id`, `video_id`, `created_at`, `hometown`) VALUES ('441', 'f', '2013-07-08', '81', '81', '81', '1983-06-15 23:01:15', 'Camilastad');
INSERT INTO `profiles` (`user_id`, `gender`, `birthday`, `photo_id`, `clip_id`, `video_id`, `created_at`, `hometown`) VALUES ('442', 'f', '1974-03-26', '82', '82', '82', '1994-08-07 00:25:04', 'Port Odell');
INSERT INTO `profiles` (`user_id`, `gender`, `birthday`, `photo_id`, `clip_id`, `video_id`, `created_at`, `hometown`) VALUES ('446', 'f', '1979-03-01', '83', '83', '83', '1989-08-14 01:22:05', 'North Dallinville');
INSERT INTO `profiles` (`user_id`, `gender`, `birthday`, `photo_id`, `clip_id`, `video_id`, `created_at`, `hometown`) VALUES ('447', 'f', '2013-03-25', '84', '84', '84', '1973-08-23 10:57:40', 'Rosenbaumstad');
INSERT INTO `profiles` (`user_id`, `gender`, `birthday`, `photo_id`, `clip_id`, `video_id`, `created_at`, `hometown`) VALUES ('448', 'f', '1993-08-25', '85', '85', '85', '1989-12-30 13:16:03', 'West Neldamouth');
INSERT INTO `profiles` (`user_id`, `gender`, `birthday`, `photo_id`, `clip_id`, `video_id`, `created_at`, `hometown`) VALUES ('450', 'm', '1972-01-31', '86', '86', '86', '2002-10-13 22:03:44', 'New Alisa');
INSERT INTO `profiles` (`user_id`, `gender`, `birthday`, `photo_id`, `clip_id`, `video_id`, `created_at`, `hometown`) VALUES ('451', 'm', '2007-04-11', '87', '87', '87', '1991-08-16 07:22:42', 'Streichville');
INSERT INTO `profiles` (`user_id`, `gender`, `birthday`, `photo_id`, `clip_id`, `video_id`, `created_at`, `hometown`) VALUES ('452', 'f', '1974-12-29', '88', '88', '88', '1971-05-20 18:32:56', 'Trevorside');
INSERT INTO `profiles` (`user_id`, `gender`, `birthday`, `photo_id`, `clip_id`, `video_id`, `created_at`, `hometown`) VALUES ('456', 'm', '2001-11-07', '89', '89', '89', '1984-02-26 16:29:12', 'New Karlimouth');
INSERT INTO `profiles` (`user_id`, `gender`, `birthday`, `photo_id`, `clip_id`, `video_id`, `created_at`, `hometown`) VALUES ('457', 'f', '2015-11-30', '90', '90', '90', '1997-09-23 00:46:06', 'Lake Tania');
INSERT INTO `profiles` (`user_id`, `gender`, `birthday`, `photo_id`, `clip_id`, `video_id`, `created_at`, `hometown`) VALUES ('458', 'f', '1996-11-02', '91', '91', '91', '2015-04-23 02:09:16', 'Gradyville');
INSERT INTO `profiles` (`user_id`, `gender`, `birthday`, `photo_id`, `clip_id`, `video_id`, `created_at`, `hometown`) VALUES ('459', 'm', '1994-06-08', '92', '92', '92', '2006-06-29 23:35:19', 'Kelleyberg');
INSERT INTO `profiles` (`user_id`, `gender`, `birthday`, `photo_id`, `clip_id`, `video_id`, `created_at`, `hometown`) VALUES ('460', 'm', '2004-04-20', '93', '93', '93', '2020-01-28 04:25:44', 'North Denisburgh');
INSERT INTO `profiles` (`user_id`, `gender`, `birthday`, `photo_id`, `clip_id`, `video_id`, `created_at`, `hometown`) VALUES ('461', 'f', '2010-11-22', '94', '94', '94', '1977-07-22 09:58:41', 'Beerborough');
INSERT INTO `profiles` (`user_id`, `gender`, `birthday`, `photo_id`, `clip_id`, `video_id`, `created_at`, `hometown`) VALUES ('463', 'f', '1997-04-30', '95', '95', '95', '1971-06-02 12:19:49', 'Schmidtberg');
INSERT INTO `profiles` (`user_id`, `gender`, `birthday`, `photo_id`, `clip_id`, `video_id`, `created_at`, `hometown`) VALUES ('464', 'm', '1980-11-22', '96', '96', '96', '1989-09-02 08:51:47', 'Jerryhaven');
INSERT INTO `profiles` (`user_id`, `gender`, `birthday`, `photo_id`, `clip_id`, `video_id`, `created_at`, `hometown`) VALUES ('466', 'f', '2021-07-21', '97', '97', '97', '1986-03-12 17:31:39', 'Kuvalismouth');
INSERT INTO `profiles` (`user_id`, `gender`, `birthday`, `photo_id`, `clip_id`, `video_id`, `created_at`, `hometown`) VALUES ('467', 'm', '1985-11-22', '98', '98', '98', '2016-03-02 07:19:18', 'Rogerton');
INSERT INTO `profiles` (`user_id`, `gender`, `birthday`, `photo_id`, `clip_id`, `video_id`, `created_at`, `hometown`) VALUES ('468', 'f', '1997-02-06', '99', '99', '99', '1984-07-22 20:48:33', 'Cormierview');
INSERT INTO `profiles` (`user_id`, `gender`, `birthday`, `photo_id`, `clip_id`, `video_id`, `created_at`, `hometown`) VALUES ('469', 'f', '1996-08-23', '100', '100', '100', '1983-03-18 00:10:30', 'Lake Libbieton');




#
# TABLE STRUCTURE FOR: users_communities
#

DROP TABLE IF EXISTS `users_communities`;

CREATE TABLE `users_communities` (
  `user_id` bigint(20) unsigned NOT NULL,
  `community_id` bigint(20) unsigned NOT NULL,
  PRIMARY KEY (`user_id`,`community_id`),
  KEY `community_id` (`community_id`),
  CONSTRAINT `users_communities_ibfk_1` FOREIGN KEY (`user_id`) REFERENCES `users` (`id`),
  CONSTRAINT `users_communities_ibfk_2` FOREIGN KEY (`community_id`) REFERENCES `communities` (`id`)
) ENGINE=InnoDB DEFAULT CHARSET=utf8mb4 COLLATE=utf8mb4_unicode_ci;

INSERT INTO `users_communities` (`user_id`, `community_id`) VALUES ('301', '1');
INSERT INTO `users_communities` (`user_id`, `community_id`) VALUES ('302', '2');
INSERT INTO `users_communities` (`user_id`, `community_id`) VALUES ('303', '3');
INSERT INTO `users_communities` (`user_id`, `community_id`) VALUES ('304', '4');
INSERT INTO `users_communities` (`user_id`, `community_id`) VALUES ('305', '5');
INSERT INTO `users_communities` (`user_id`, `community_id`) VALUES ('308', '6');
INSERT INTO `users_communities` (`user_id`, `community_id`) VALUES ('310', '7');
INSERT INTO `users_communities` (`user_id`, `community_id`) VALUES ('311', '8');
INSERT INTO `users_communities` (`user_id`, `community_id`) VALUES ('312', '9');
INSERT INTO `users_communities` (`user_id`, `community_id`) VALUES ('313', '10');
INSERT INTO `users_communities` (`user_id`, `community_id`) VALUES ('315', '11');
INSERT INTO `users_communities` (`user_id`, `community_id`) VALUES ('316', '12');
INSERT INTO `users_communities` (`user_id`, `community_id`) VALUES ('320', '13');
INSERT INTO `users_communities` (`user_id`, `community_id`) VALUES ('321', '14');
INSERT INTO `users_communities` (`user_id`, `community_id`) VALUES ('323', '15');
INSERT INTO `users_communities` (`user_id`, `community_id`) VALUES ('324', '16');
INSERT INTO `users_communities` (`user_id`, `community_id`) VALUES ('325', '17');
INSERT INTO `users_communities` (`user_id`, `community_id`) VALUES ('326', '18');
INSERT INTO `users_communities` (`user_id`, `community_id`) VALUES ('328', '19');
INSERT INTO `users_communities` (`user_id`, `community_id`) VALUES ('329', '20');
INSERT INTO `users_communities` (`user_id`, `community_id`) VALUES ('333', '21');
INSERT INTO `users_communities` (`user_id`, `community_id`) VALUES ('334', '22');
INSERT INTO `users_communities` (`user_id`, `community_id`) VALUES ('335', '23');
INSERT INTO `users_communities` (`user_id`, `community_id`) VALUES ('337', '24');
INSERT INTO `users_communities` (`user_id`, `community_id`) VALUES ('338', '25');
INSERT INTO `users_communities` (`user_id`, `community_id`) VALUES ('340', '26');
INSERT INTO `users_communities` (`user_id`, `community_id`) VALUES ('341', '27');
INSERT INTO `users_communities` (`user_id`, `community_id`) VALUES ('344', '28');
INSERT INTO `users_communities` (`user_id`, `community_id`) VALUES ('345', '29');
INSERT INTO `users_communities` (`user_id`, `community_id`) VALUES ('349', '30');
INSERT INTO `users_communities` (`user_id`, `community_id`) VALUES ('350', '31');
INSERT INTO `users_communities` (`user_id`, `community_id`) VALUES ('351', '32');
INSERT INTO `users_communities` (`user_id`, `community_id`) VALUES ('352', '33');
INSERT INTO `users_communities` (`user_id`, `community_id`) VALUES ('355', '34');
INSERT INTO `users_communities` (`user_id`, `community_id`) VALUES ('356', '35');
INSERT INTO `users_communities` (`user_id`, `community_id`) VALUES ('358', '36');
INSERT INTO `users_communities` (`user_id`, `community_id`) VALUES ('360', '37');
INSERT INTO `users_communities` (`user_id`, `community_id`) VALUES ('361', '38');
INSERT INTO `users_communities` (`user_id`, `community_id`) VALUES ('362', '39');
INSERT INTO `users_communities` (`user_id`, `community_id`) VALUES ('364', '40');
INSERT INTO `users_communities` (`user_id`, `community_id`) VALUES ('365', '41');
INSERT INTO `users_communities` (`user_id`, `community_id`) VALUES ('368', '42');
INSERT INTO `users_communities` (`user_id`, `community_id`) VALUES ('370', '43');
INSERT INTO `users_communities` (`user_id`, `community_id`) VALUES ('372', '44');
INSERT INTO `users_communities` (`user_id`, `community_id`) VALUES ('374', '45');
INSERT INTO `users_communities` (`user_id`, `community_id`) VALUES ('377', '46');
INSERT INTO `users_communities` (`user_id`, `community_id`) VALUES ('378', '47');
INSERT INTO `users_communities` (`user_id`, `community_id`) VALUES ('380', '48');
INSERT INTO `users_communities` (`user_id`, `community_id`) VALUES ('383', '49');
INSERT INTO `users_communities` (`user_id`, `community_id`) VALUES ('386', '50');
INSERT INTO `users_communities` (`user_id`, `community_id`) VALUES ('387', '51');
INSERT INTO `users_communities` (`user_id`, `community_id`) VALUES ('391', '52');
INSERT INTO `users_communities` (`user_id`, `community_id`) VALUES ('392', '53');
INSERT INTO `users_communities` (`user_id`, `community_id`) VALUES ('393', '54');
INSERT INTO `users_communities` (`user_id`, `community_id`) VALUES ('394', '55');
INSERT INTO `users_communities` (`user_id`, `community_id`) VALUES ('395', '56');
INSERT INTO `users_communities` (`user_id`, `community_id`) VALUES ('396', '57');
INSERT INTO `users_communities` (`user_id`, `community_id`) VALUES ('400', '58');
INSERT INTO `users_communities` (`user_id`, `community_id`) VALUES ('401', '59');
INSERT INTO `users_communities` (`user_id`, `community_id`) VALUES ('402', '60');
INSERT INTO `users_communities` (`user_id`, `community_id`) VALUES ('403', '61');
INSERT INTO `users_communities` (`user_id`, `community_id`) VALUES ('405', '62');
INSERT INTO `users_communities` (`user_id`, `community_id`) VALUES ('407', '63');
INSERT INTO `users_communities` (`user_id`, `community_id`) VALUES ('409', '64');
INSERT INTO `users_communities` (`user_id`, `community_id`) VALUES ('410', '65');
INSERT INTO `users_communities` (`user_id`, `community_id`) VALUES ('412', '66');
INSERT INTO `users_communities` (`user_id`, `community_id`) VALUES ('413', '67');
INSERT INTO `users_communities` (`user_id`, `community_id`) VALUES ('414', '68');
INSERT INTO `users_communities` (`user_id`, `community_id`) VALUES ('418', '69');
INSERT INTO `users_communities` (`user_id`, `community_id`) VALUES ('420', '70');
INSERT INTO `users_communities` (`user_id`, `community_id`) VALUES ('421', '71');
INSERT INTO `users_communities` (`user_id`, `community_id`) VALUES ('422', '72');
INSERT INTO `users_communities` (`user_id`, `community_id`) VALUES ('423', '73');
INSERT INTO `users_communities` (`user_id`, `community_id`) VALUES ('425', '74');
INSERT INTO `users_communities` (`user_id`, `community_id`) VALUES ('426', '75');
INSERT INTO `users_communities` (`user_id`, `community_id`) VALUES ('430', '76');
INSERT INTO `users_communities` (`user_id`, `community_id`) VALUES ('431', '77');
INSERT INTO `users_communities` (`user_id`, `community_id`) VALUES ('437', '78');
INSERT INTO `users_communities` (`user_id`, `community_id`) VALUES ('439', '79');
INSERT INTO `users_communities` (`user_id`, `community_id`) VALUES ('440', '80');
INSERT INTO `users_communities` (`user_id`, `community_id`) VALUES ('441', '81');
INSERT INTO `users_communities` (`user_id`, `community_id`) VALUES ('442', '82');
INSERT INTO `users_communities` (`user_id`, `community_id`) VALUES ('446', '83');
INSERT INTO `users_communities` (`user_id`, `community_id`) VALUES ('447', '84');
INSERT INTO `users_communities` (`user_id`, `community_id`) VALUES ('448', '85');
INSERT INTO `users_communities` (`user_id`, `community_id`) VALUES ('450', '86');
INSERT INTO `users_communities` (`user_id`, `community_id`) VALUES ('451', '87');
INSERT INTO `users_communities` (`user_id`, `community_id`) VALUES ('452', '88');
INSERT INTO `users_communities` (`user_id`, `community_id`) VALUES ('456', '89');
INSERT INTO `users_communities` (`user_id`, `community_id`) VALUES ('457', '90');
INSERT INTO `users_communities` (`user_id`, `community_id`) VALUES ('458', '91');
INSERT INTO `users_communities` (`user_id`, `community_id`) VALUES ('459', '92');
INSERT INTO `users_communities` (`user_id`, `community_id`) VALUES ('460', '93');
INSERT INTO `users_communities` (`user_id`, `community_id`) VALUES ('461', '94');
INSERT INTO `users_communities` (`user_id`, `community_id`) VALUES ('463', '95');
INSERT INTO `users_communities` (`user_id`, `community_id`) VALUES ('464', '96');
INSERT INTO `users_communities` (`user_id`, `community_id`) VALUES ('466', '97');
INSERT INTO `users_communities` (`user_id`, `community_id`) VALUES ('467', '98');
INSERT INTO `users_communities` (`user_id`, `community_id`) VALUES ('468', '99');
INSERT INTO `users_communities` (`user_id`, `community_id`) VALUES ('469', '100');


ALTER TABLE vk.likes 
ADD CONSTRAINT likes_fk 
FOREIGN KEY (media_id) REFERENCES vk.media(id);

ALTER TABLE vk.likes 
ADD CONSTRAINT likes_fk_1 
FOREIGN KEY (user_id) REFERENCES vk.users(id);

ALTER TABLE vk.profiles 
ADD CONSTRAINT profiles_fk_1 
FOREIGN KEY (photo_id) REFERENCES media(id);